2026-02-01 02:07:47.974  INFO 25858 --- [multi-tenant-saas-starter-template] [main] ultiTenantSaasStarterTemplateApplication : Starting MultiTenantSaasStarterTemplateApplication using Java 25.0.1 with PID 25858 (/Users/mac/Desktop/Personal Java Template/multi-tenant-saas-starter-template/target/classes started by mac in /Users/mac/Desktop/Personal Java Template/multi-tenant-saas-starter-template)
2026-02-01 02:07:47.980  INFO 25858 --- [multi-tenant-saas-starter-template] [main] ultiTenantSaasStarterTemplateApplication : No active profile set, falling back to 1 default profile: "default"
2026-02-01 02:07:49.066  INFO 25858 --- [multi-tenant-saas-starter-template] [main] .s.d.r.c.RepositoryConfigurationDelegate : Bootstrapping Spring Data JPA repositories in DEFAULT mode.
2026-02-01 02:07:49.147  INFO 25858 --- [multi-tenant-saas-starter-template] [main] .s.d.r.c.RepositoryConfigurationDelegate : Finished Spring Data repository scanning in 70 ms. Found 5 JPA repository interfaces.
2026-02-01 02:07:49.849  INFO 25858 --- [multi-tenant-saas-starter-template] [main] o.s.boot.tomcat.TomcatWebServer          : Tomcat initialized with port 8080 (http)
2026-02-01 02:07:49.864  INFO 25858 --- [multi-tenant-saas-starter-template] [main] o.apache.catalina.core.StandardService   : Starting service [Tomcat]
2026-02-01 02:07:49.864  INFO 25858 --- [multi-tenant-saas-starter-template] [main] o.apache.catalina.core.StandardEngine    : Starting Servlet engine: [Apache Tomcat/11.0.15]
2026-02-01 02:07:49.913  INFO 25858 --- [multi-tenant-saas-starter-template] [main] b.w.c.s.WebApplicationContextInitializer : Root WebApplicationContext: initialization completed in 1885 ms
2026-02-01 02:07:50.243  INFO 25858 --- [multi-tenant-saas-starter-template] [main] com.zaxxer.hikari.HikariDataSource       : SaaS-HikariCP - Starting...
2026-02-01 02:07:50.516  INFO 25858 --- [multi-tenant-saas-starter-template] [main] com.zaxxer.hikari.pool.HikariPool        : SaaS-HikariCP - Added connection org.postgresql.jdbc.PgConnection@1fb71788
2026-02-01 02:07:50.518  INFO 25858 --- [multi-tenant-saas-starter-template] [main] com.zaxxer.hikari.HikariDataSource       : SaaS-HikariCP - Start completed.
2026-02-01 02:07:50.562  INFO 25858 --- [multi-tenant-saas-starter-template] [main] org.flywaydb.core.FlywayExecutor         : Database: jdbc:postgresql://localhost:5432/saas_db (PostgreSQL 17.3)
2026-02-01 02:07:50.701  INFO 25858 --- [multi-tenant-saas-starter-template] [main] o.f.core.internal.command.DbValidate     : Successfully validated 9 migrations (execution time 00:00.062s)
2026-02-01 02:07:50.736  INFO 25858 --- [multi-tenant-saas-starter-template] [main] o.f.core.internal.command.DbMigrate      : Current version of schema "public": 8
2026-02-01 02:07:50.753  INFO 25858 --- [multi-tenant-saas-starter-template] [main] o.f.core.internal.command.DbMigrate      : Migrating schema "public" to version "9 - add unique email tenant constraint"
2026-02-01 02:07:50.832  INFO 25858 --- [multi-tenant-saas-starter-template] [main] o.f.core.internal.command.DbMigrate      : Successfully applied 1 migration to schema "public", now at version v9 (execution time 00:00.050s)
2026-02-01 02:07:50.936  INFO 25858 --- [multi-tenant-saas-starter-template] [main] org.hibernate.orm.jpa                    : HHH008540: Processing PersistenceUnitInfo [name: default]
2026-02-01 02:07:50.999  INFO 25858 --- [multi-tenant-saas-starter-template] [main] org.hibernate.orm.core                   : HHH000001: Hibernate ORM core version 7.2.0.Final
2026-02-01 02:07:51.493  INFO 25858 --- [multi-tenant-saas-starter-template] [main] o.s.o.j.p.SpringPersistenceUnitInfo      : No LoadTimeWeaver setup: ignoring JPA class transformer
2026-02-01 02:07:51.552  WARN 25858 --- [multi-tenant-saas-starter-template] [main] org.hibernate.orm.deprecation            : HHH90000025: PostgreSQLDialect does not need to be specified explicitly using 'hibernate.dialect' (remove the property setting and it will be selected by default)
2026-02-01 02:07:51.646  INFO 25858 --- [multi-tenant-saas-starter-template] [main] org.hibernate.orm.connections.pooling    : HHH10001005: Database info:
	Database JDBC URL [jdbc:postgresql://localhost:5432/saas_db]
	Database driver: PostgreSQL JDBC Driver
	Database dialect: PostgreSQLDialect
	Database version: 17.3
	Default catalog/schema: saas_db/public
	Autocommit mode: undefined/unknown
	Isolation level: READ_COMMITTED [default READ_COMMITTED]
	JDBC fetch size: none
	Pool: DataSourceConnectionProvider
	Minimum pool size: undefined/unknown
	Maximum pool size: undefined/unknown
2026-02-01 02:07:52.765  INFO 25858 --- [multi-tenant-saas-starter-template] [main] org.hibernate.orm.core                   : HHH000489: No JTA platform available (set 'hibernate.transaction.jta.platform' to enable JTA platform integration)
2026-02-01 02:07:52.842  INFO 25858 --- [multi-tenant-saas-starter-template] [main] j.LocalContainerEntityManagerFactoryBean : Initialized JPA EntityManagerFactory for persistence unit 'default'
2026-02-01 02:07:52.955  INFO 25858 --- [multi-tenant-saas-starter-template] [main] o.s.d.j.r.query.QueryEnhancerFactories   : Hibernate is in classpath; If applicable, HQL parser will be used.
2026-02-01 02:07:53.180  WARN 25858 --- [multi-tenant-saas-starter-template] [main] c.n.m.m.security.SecurityConfig          : WARNING: Using default JWT secret. Set JWT_SECRET env var before deploying to production!
2026-02-01 02:07:53.835  WARN 25858 --- [multi-tenant-saas-starter-template] [main] .s.a.UserDetailsServiceAutoConfiguration : 

Using generated security password: 1f8e7d12-5327-4237-9046-0914484e54e0

This generated password is for development use only. Your security configuration must be updated before running your application in production.

2026-02-01 02:07:53.845  INFO 25858 --- [multi-tenant-saas-starter-template] [main] r$InitializeUserDetailsManagerConfigurer : Global AuthenticationManager configured with UserDetailsService bean with name inMemoryUserDetailsManager
2026-02-01 02:07:54.680  INFO 25858 --- [multi-tenant-saas-starter-template] [main] o.s.boot.tomcat.TomcatWebServer          : Tomcat started on port 8080 (http) with context path '/'
2026-02-01 02:07:54.689  INFO 25858 --- [multi-tenant-saas-starter-template] [main] ultiTenantSaasStarterTemplateApplication : Started MultiTenantSaasStarterTemplateApplication in 7.269 seconds (process running for 8.171)
2026-02-01 02:07:54.692  WARN 25858 --- [multi-tenant-saas-starter-template] [main] o.s.core.events.SpringDocAppInitializer  : SpringDoc /v3/api-docs endpoint is enabled by default. To disable it in production, set the property 'springdoc.api-docs.enabled=false'
2026-02-01 02:07:54.692  WARN 25858 --- [multi-tenant-saas-starter-template] [main] o.s.core.events.SpringDocAppInitializer  : SpringDoc /swagger-ui.html endpoint is enabled by default. To disable it in production, set the property 'springdoc.swagger-ui.enabled=false'
2026-02-01 02:08:17.858  INFO 25858 --- [multi-tenant-saas-starter-template] [http-nio-8080-exec-1] o.a.c.c.C.[Tomcat].[localhost].[/]       : Initializing Spring DispatcherServlet 'dispatcherServlet'
2026-02-01 02:08:17.859  INFO 25858 --- [multi-tenant-saas-starter-template] [http-nio-8080-exec-1] o.s.web.servlet.DispatcherServlet        : Initializing Servlet 'dispatcherServlet'
2026-02-01 02:08:17.861  INFO 25858 --- [multi-tenant-saas-starter-template] [http-nio-8080-exec-1] o.s.web.servlet.DispatcherServlet        : Completed initialization in 2 ms
2026-02-01 02:08:18.687  INFO 25858 --- [multi-tenant-saas-starter-template] [http-nio-8080-exec-9] o.springdoc.api.AbstractOpenApiResource  : Init duration for springdoc-openapi is: 392 ms
2026-02-01 06:39:51.474  INFO 42446 --- [multi-tenant-saas-starter-template] [main] ultiTenantSaasStarterTemplateApplication : Starting MultiTenantSaasStarterTemplateApplication using Java 25.0.1 with PID 42446 (/Users/mac/Desktop/Personal Java Template/multi-tenant-saas-starter-template/target/classes started by mac in /Users/mac/Desktop/Personal Java Template/multi-tenant-saas-starter-template)
2026-02-01 06:39:51.478  INFO 42446 --- [multi-tenant-saas-starter-template] [main] ultiTenantSaasStarterTemplateApplication : No active profile set, falling back to 1 default profile: "default"
2026-02-01 06:39:52.907  INFO 42446 --- [multi-tenant-saas-starter-template] [main] .s.d.r.c.RepositoryConfigurationDelegate : Bootstrapping Spring Data JPA repositories in DEFAULT mode.
2026-02-01 06:39:53.018  INFO 42446 --- [multi-tenant-saas-starter-template] [main] .s.d.r.c.RepositoryConfigurationDelegate : Finished Spring Data repository scanning in 97 ms. Found 5 JPA repository interfaces.
2026-02-01 06:39:53.849  INFO 42446 --- [multi-tenant-saas-starter-template] [main] o.s.boot.tomcat.TomcatWebServer          : Tomcat initialized with port 8080 (http)
2026-02-01 06:39:53.868  INFO 42446 --- [multi-tenant-saas-starter-template] [main] o.apache.catalina.core.StandardService   : Starting service [Tomcat]
2026-02-01 06:39:53.869  INFO 42446 --- [multi-tenant-saas-starter-template] [main] o.apache.catalina.core.StandardEngine    : Starting Servlet engine: [Apache Tomcat/11.0.15]
2026-02-01 06:39:53.927  INFO 42446 --- [multi-tenant-saas-starter-template] [main] b.w.c.s.WebApplicationContextInitializer : Root WebApplicationContext: initialization completed in 2384 ms
2026-02-01 06:39:54.314  INFO 42446 --- [multi-tenant-saas-starter-template] [main] com.zaxxer.hikari.HikariDataSource       : SaaS-HikariCP - Starting...
2026-02-01 06:39:54.493  INFO 42446 --- [multi-tenant-saas-starter-template] [main] com.zaxxer.hikari.pool.HikariPool        : SaaS-HikariCP - Added connection org.postgresql.jdbc.PgConnection@248b2b61
2026-02-01 06:39:54.495  INFO 42446 --- [multi-tenant-saas-starter-template] [main] com.zaxxer.hikari.HikariDataSource       : SaaS-HikariCP - Start completed.
2026-02-01 06:39:54.530  INFO 42446 --- [multi-tenant-saas-starter-template] [main] org.flywaydb.core.FlywayExecutor         : Database: jdbc:postgresql://localhost:5432/saas_db (PostgreSQL 17.3)
2026-02-01 06:39:54.605  INFO 42446 --- [multi-tenant-saas-starter-template] [main] o.f.core.internal.command.DbValidate     : Successfully validated 9 migrations (execution time 00:00.038s)
2026-02-01 06:39:54.650  INFO 42446 --- [multi-tenant-saas-starter-template] [main] o.f.core.internal.command.DbMigrate      : Current version of schema "public": 9
2026-02-01 06:39:54.654  INFO 42446 --- [multi-tenant-saas-starter-template] [main] o.f.core.internal.command.DbMigrate      : Schema "public" is up to date. No migration necessary.
2026-02-01 06:39:54.762  INFO 42446 --- [multi-tenant-saas-starter-template] [main] org.hibernate.orm.jpa                    : HHH008540: Processing PersistenceUnitInfo [name: default]
2026-02-01 06:39:54.831  INFO 42446 --- [multi-tenant-saas-starter-template] [main] org.hibernate.orm.core                   : HHH000001: Hibernate ORM core version 7.2.0.Final
2026-02-01 06:39:55.375  INFO 42446 --- [multi-tenant-saas-starter-template] [main] o.s.o.j.p.SpringPersistenceUnitInfo      : No LoadTimeWeaver setup: ignoring JPA class transformer
2026-02-01 06:39:55.437  WARN 42446 --- [multi-tenant-saas-starter-template] [main] org.hibernate.orm.deprecation            : HHH90000025: PostgreSQLDialect does not need to be specified explicitly using 'hibernate.dialect' (remove the property setting and it will be selected by default)
2026-02-01 06:39:55.456  INFO 42446 --- [multi-tenant-saas-starter-template] [main] org.hibernate.orm.connections.pooling    : HHH10001005: Database info:
	Database JDBC URL [jdbc:postgresql://localhost:5432/saas_db]
	Database driver: PostgreSQL JDBC Driver
	Database dialect: PostgreSQLDialect
	Database version: 17.3
	Default catalog/schema: saas_db/public
	Autocommit mode: undefined/unknown
	Isolation level: READ_COMMITTED [default READ_COMMITTED]
	JDBC fetch size: none
	Pool: DataSourceConnectionProvider
	Minimum pool size: undefined/unknown
	Maximum pool size: undefined/unknown
2026-02-01 06:39:56.741  INFO 42446 --- [multi-tenant-saas-starter-template] [main] org.hibernate.orm.core                   : HHH000489: No JTA platform available (set 'hibernate.transaction.jta.platform' to enable JTA platform integration)
2026-02-01 06:39:56.814  INFO 42446 --- [multi-tenant-saas-starter-template] [main] j.LocalContainerEntityManagerFactoryBean : Initialized JPA EntityManagerFactory for persistence unit 'default'
2026-02-01 06:39:56.936  INFO 42446 --- [multi-tenant-saas-starter-template] [main] o.s.d.j.r.query.QueryEnhancerFactories   : Hibernate is in classpath; If applicable, HQL parser will be used.
2026-02-01 06:39:57.174  WARN 42446 --- [multi-tenant-saas-starter-template] [main] c.n.m.m.security.SecurityConfig          : WARNING: Using default JWT secret. Set JWT_SECRET env var before deploying to production!
2026-02-01 06:39:57.930  WARN 42446 --- [multi-tenant-saas-starter-template] [main] .s.a.UserDetailsServiceAutoConfiguration : 

Using generated security password: 6174a1d4-9b1f-4755-9dc8-1f9b33522381

This generated password is for development use only. Your security configuration must be updated before running your application in production.

2026-02-01 06:39:57.940  INFO 42446 --- [multi-tenant-saas-starter-template] [main] r$InitializeUserDetailsManagerConfigurer : Global AuthenticationManager configured with UserDetailsService bean with name inMemoryUserDetailsManager
2026-02-01 06:39:58.944  INFO 42446 --- [multi-tenant-saas-starter-template] [main] o.s.boot.tomcat.TomcatWebServer          : Tomcat started on port 8080 (http) with context path '/'
2026-02-01 06:39:58.958  INFO 42446 --- [multi-tenant-saas-starter-template] [main] ultiTenantSaasStarterTemplateApplication : Started MultiTenantSaasStarterTemplateApplication in 8.022 seconds (process running for 9.127)
2026-02-01 06:39:58.961  WARN 42446 --- [multi-tenant-saas-starter-template] [main] o.s.core.events.SpringDocAppInitializer  : SpringDoc /v3/api-docs endpoint is enabled by default. To disable it in production, set the property 'springdoc.api-docs.enabled=false'
2026-02-01 06:39:58.962  WARN 42446 --- [multi-tenant-saas-starter-template] [main] o.s.core.events.SpringDocAppInitializer  : SpringDoc /swagger-ui.html endpoint is enabled by default. To disable it in production, set the property 'springdoc.swagger-ui.enabled=false'
2026-02-01 06:41:18.788  INFO 42446 --- [multi-tenant-saas-starter-template] [http-nio-8080-exec-1] o.a.c.c.C.[Tomcat].[localhost].[/]       : Initializing Spring DispatcherServlet 'dispatcherServlet'
2026-02-01 06:41:18.789  INFO 42446 --- [multi-tenant-saas-starter-template] [http-nio-8080-exec-1] o.s.web.servlet.DispatcherServlet        : Initializing Servlet 'dispatcherServlet'
2026-02-01 06:41:18.791  INFO 42446 --- [multi-tenant-saas-starter-template] [http-nio-8080-exec-1] o.s.web.servlet.DispatcherServlet        : Completed initialization in 2 ms
2026-02-01 06:41:20.488  INFO 42446 --- [multi-tenant-saas-starter-template] [http-nio-8080-exec-8] o.springdoc.api.AbstractOpenApiResource  : Init duration for springdoc-openapi is: 816 ms
2026-02-01 06:41:35.574 ERROR 42446 --- [multi-tenant-saas-starter-template] [http-nio-8080-exec-10] o.a.c.c.C.[.[.[/].[dispatcherServlet]    : Servlet.service() for servlet [dispatcherServlet] in context with path [] threw exception

cloud.norgha.multi_tenant_saas_starter_template.infrastructure.exception.TenantMissingException: Missing X-Tenant-ID header
	at cloud.norgha.multi_tenant_saas_starter_template.multitenancy.tenant.TenantResolver.resolveTenant(TenantResolver.java:46) ~[classes/:na]
	at java.base/jdk.internal.reflect.DirectMethodHandleAccessor.invoke(DirectMethodHandleAccessor.java:104) ~[na:na]
	at java.base/java.lang.reflect.Method.invoke(Method.java:565) ~[na:na]
	at org.springframework.aop.support.AopUtils.invokeJoinpointUsingReflection(AopUtils.java:359) ~[spring-aop-7.0.2.jar:7.0.2]
	at org.springframework.aop.framework.CglibAopProxy$DynamicAdvisedInterceptor.intercept(CglibAopProxy.java:715) ~[spring-aop-7.0.2.jar:7.0.2]
	at cloud.norgha.multi_tenant_saas_starter_template.multitenancy.tenant.TenantResolver$$SpringCGLIB$$0.resolveTenant(<generated>) ~[classes/:na]
	at cloud.norgha.multi_tenant_saas_starter_template.multitenancy.tenant.TenantFilter.doFilterInternal(TenantFilter.java:49) ~[classes/:na]
	at org.springframework.web.filter.OncePerRequestFilter.doFilter(OncePerRequestFilter.java:116) ~[spring-web-7.0.2.jar:7.0.2]
	at org.springframework.security.web.FilterChainProxy$VirtualFilterChain.doFilter(FilterChainProxy.java:380) ~[spring-security-web-7.0.2.jar:7.0.2]
	at org.springframework.web.filter.OncePerRequestFilter.doFilter(OncePerRequestFilter.java:101) ~[spring-web-7.0.2.jar:7.0.2]
	at org.springframework.security.web.FilterChainProxy$VirtualFilterChain.doFilter(FilterChainProxy.java:380) ~[spring-security-web-7.0.2.jar:7.0.2]
	at org.springframework.security.web.authentication.logout.LogoutFilter.doFilter(LogoutFilter.java:110) ~[spring-security-web-7.0.2.jar:7.0.2]
	at org.springframework.security.web.authentication.logout.LogoutFilter.doFilter(LogoutFilter.java:96) ~[spring-security-web-7.0.2.jar:7.0.2]
	at org.springframework.security.web.FilterChainProxy$VirtualFilterChain.doFilter(FilterChainProxy.java:380) ~[spring-security-web-7.0.2.jar:7.0.2]
	at org.springframework.web.filter.CorsFilter.doFilterInternal(CorsFilter.java:91) ~[spring-web-7.0.2.jar:7.0.2]
	at org.springframework.web.filter.OncePerRequestFilter.doFilter(OncePerRequestFilter.java:116) ~[spring-web-7.0.2.jar:7.0.2]
	at org.springframework.security.web.FilterChainProxy$VirtualFilterChain.doFilter(FilterChainProxy.java:380) ~[spring-security-web-7.0.2.jar:7.0.2]
	at org.springframework.security.web.header.HeaderWriterFilter.doHeadersAfter(HeaderWriterFilter.java:90) ~[spring-security-web-7.0.2.jar:7.0.2]
	at org.springframework.security.web.header.HeaderWriterFilter.doFilterInternal(HeaderWriterFilter.java:75) ~[spring-security-web-7.0.2.jar:7.0.2]
	at org.springframework.web.filter.OncePerRequestFilter.doFilter(OncePerRequestFilter.java:116) ~[spring-web-7.0.2.jar:7.0.2]
	at org.springframework.security.web.FilterChainProxy$VirtualFilterChain.doFilter(FilterChainProxy.java:380) ~[spring-security-web-7.0.2.jar:7.0.2]
	at org.springframework.security.web.context.SecurityContextHolderFilter.doFilter(SecurityContextHolderFilter.java:82) ~[spring-security-web-7.0.2.jar:7.0.2]
	at org.springframework.security.web.context.SecurityContextHolderFilter.doFilter(SecurityContextHolderFilter.java:69) ~[spring-security-web-7.0.2.jar:7.0.2]
	at org.springframework.security.web.FilterChainProxy$VirtualFilterChain.doFilter(FilterChainProxy.java:380) ~[spring-security-web-7.0.2.jar:7.0.2]
	at org.springframework.security.web.context.request.async.WebAsyncManagerIntegrationFilter.doFilterInternal(WebAsyncManagerIntegrationFilter.java:62) ~[spring-security-web-7.0.2.jar:7.0.2]
	at org.springframework.web.filter.OncePerRequestFilter.doFilter(OncePerRequestFilter.java:116) ~[spring-web-7.0.2.jar:7.0.2]
	at org.springframework.security.web.FilterChainProxy$VirtualFilterChain.doFilter(FilterChainProxy.java:380) ~[spring-security-web-7.0.2.jar:7.0.2]
	at org.springframework.security.web.session.DisableEncodeUrlFilter.doFilterInternal(DisableEncodeUrlFilter.java:42) ~[spring-security-web-7.0.2.jar:7.0.2]
	at org.springframework.web.filter.OncePerRequestFilter.doFilter(OncePerRequestFilter.java:116) ~[spring-web-7.0.2.jar:7.0.2]
	at org.springframework.security.web.FilterChainProxy$VirtualFilterChain.doFilter(FilterChainProxy.java:380) ~[spring-security-web-7.0.2.jar:7.0.2]
	at org.springframework.security.web.FilterChainProxy.doFilterInternal(FilterChainProxy.java:237) ~[spring-security-web-7.0.2.jar:7.0.2]
	at org.springframework.security.web.FilterChainProxy.doFilter(FilterChainProxy.java:195) ~[spring-security-web-7.0.2.jar:7.0.2]
	at org.springframework.web.filter.CompositeFilter$VirtualFilterChain.doFilter(CompositeFilter.java:113) ~[spring-web-7.0.2.jar:7.0.2]
	at org.springframework.web.filter.ServletRequestPathFilter.doFilter(ServletRequestPathFilter.java:52) ~[spring-web-7.0.2.jar:7.0.2]
	at org.springframework.web.filter.CompositeFilter$VirtualFilterChain.doFilter(CompositeFilter.java:113) ~[spring-web-7.0.2.jar:7.0.2]
	at org.springframework.web.filter.CompositeFilter.doFilter(CompositeFilter.java:74) ~[spring-web-7.0.2.jar:7.0.2]
	at org.springframework.security.config.annotation.web.configuration.WebSecurityConfiguration$CompositeFilterChainProxy.doFilter(WebSecurityConfiguration.java:317) ~[spring-security-config-7.0.2.jar:7.0.2]
	at org.springframework.web.filter.DelegatingFilterProxy.invokeDelegate(DelegatingFilterProxy.java:355) ~[spring-web-7.0.2.jar:7.0.2]
	at org.springframework.web.filter.DelegatingFilterProxy.doFilter(DelegatingFilterProxy.java:272) ~[spring-web-7.0.2.jar:7.0.2]
	at org.apache.catalina.core.ApplicationFilterChain.doFilter(ApplicationFilterChain.java:107) ~[tomcat-embed-core-11.0.15.jar:11.0.15]
	at org.springframework.web.filter.RequestContextFilter.doFilterInternal(RequestContextFilter.java:100) ~[spring-web-7.0.2.jar:7.0.2]
	at org.springframework.web.filter.OncePerRequestFilter.doFilter(OncePerRequestFilter.java:116) ~[spring-web-7.0.2.jar:7.0.2]
	at org.apache.catalina.core.ApplicationFilterChain.doFilter(ApplicationFilterChain.java:107) ~[tomcat-embed-core-11.0.15.jar:11.0.15]
	at org.springframework.web.filter.FormContentFilter.doFilterInternal(FormContentFilter.java:93) ~[spring-web-7.0.2.jar:7.0.2]
	at org.springframework.web.filter.OncePerRequestFilter.doFilter(OncePerRequestFilter.java:116) ~[spring-web-7.0.2.jar:7.0.2]
	at org.apache.catalina.core.ApplicationFilterChain.doFilter(ApplicationFilterChain.java:107) ~[tomcat-embed-core-11.0.15.jar:11.0.15]
	at org.springframework.web.filter.CharacterEncodingFilter.doFilterInternal(CharacterEncodingFilter.java:199) ~[spring-web-7.0.2.jar:7.0.2]
	at org.springframework.web.filter.OncePerRequestFilter.doFilter(OncePerRequestFilter.java:116) ~[spring-web-7.0.2.jar:7.0.2]
	at org.apache.catalina.core.ApplicationFilterChain.doFilter(ApplicationFilterChain.java:107) ~[tomcat-embed-core-11.0.15.jar:11.0.15]
	at org.apache.catalina.core.StandardWrapperValve.invoke(StandardWrapperValve.java:165) ~[tomcat-embed-core-11.0.15.jar:11.0.15]
	at org.apache.catalina.core.StandardContextValve.invoke(StandardContextValve.java:77) ~[tomcat-embed-core-11.0.15.jar:11.0.15]
	at org.apache.catalina.authenticator.AuthenticatorBase.invoke(AuthenticatorBase.java:482) ~[tomcat-embed-core-11.0.15.jar:11.0.15]
	at org.apache.catalina.core.StandardHostValve.invoke(StandardHostValve.java:113) ~[tomcat-embed-core-11.0.15.jar:11.0.15]
	at org.apache.catalina.valves.ErrorReportValve.invoke(ErrorReportValve.java:83) ~[tomcat-embed-core-11.0.15.jar:11.0.15]
	at org.apache.catalina.core.StandardEngineValve.invoke(StandardEngineValve.java:72) ~[tomcat-embed-core-11.0.15.jar:11.0.15]
	at org.apache.catalina.connector.CoyoteAdapter.service(CoyoteAdapter.java:341) ~[tomcat-embed-core-11.0.15.jar:11.0.15]
	at org.apache.coyote.http11.Http11Processor.service(Http11Processor.java:397) ~[tomcat-embed-core-11.0.15.jar:11.0.15]
	at org.apache.coyote.AbstractProcessorLight.process(AbstractProcessorLight.java:63) ~[tomcat-embed-core-11.0.15.jar:11.0.15]
	at org.apache.coyote.AbstractProtocol$ConnectionHandler.process(AbstractProtocol.java:903) ~[tomcat-embed-core-11.0.15.jar:11.0.15]
	at org.apache.tomcat.util.net.NioEndpoint$SocketProcessor.doRun(NioEndpoint.java:1778) ~[tomcat-embed-core-11.0.15.jar:11.0.15]
	at org.apache.tomcat.util.net.SocketProcessorBase.run(SocketProcessorBase.java:52) ~[tomcat-embed-core-11.0.15.jar:11.0.15]
	at org.apache.tomcat.util.threads.ThreadPoolExecutor.runWorker(ThreadPoolExecutor.java:946) ~[tomcat-embed-core-11.0.15.jar:11.0.15]
	at org.apache.tomcat.util.threads.ThreadPoolExecutor$Worker.run(ThreadPoolExecutor.java:480) ~[tomcat-embed-core-11.0.15.jar:11.0.15]
	at org.apache.tomcat.util.threads.TaskThread$WrappingRunnable.run(TaskThread.java:57) ~[tomcat-embed-core-11.0.15.jar:11.0.15]
	at java.base/java.lang.Thread.run(Thread.java:1474) ~[na:na]

2026-02-01 06:41:46.282 ERROR 42446 --- [multi-tenant-saas-starter-template] [http-nio-8080-exec-2] o.a.c.c.C.[.[.[/].[dispatcherServlet]    : Servlet.service() for servlet [dispatcherServlet] in context with path [] threw exception

cloud.norgha.multi_tenant_saas_starter_template.infrastructure.exception.TenantMissingException: Missing X-Tenant-ID header
	at cloud.norgha.multi_tenant_saas_starter_template.multitenancy.tenant.TenantResolver.resolveTenant(TenantResolver.java:46) ~[classes/:na]
	at java.base/jdk.internal.reflect.DirectMethodHandleAccessor.invoke(DirectMethodHandleAccessor.java:104) ~[na:na]
	at java.base/java.lang.reflect.Method.invoke(Method.java:565) ~[na:na]
	at org.springframework.aop.support.AopUtils.invokeJoinpointUsingReflection(AopUtils.java:359) ~[spring-aop-7.0.2.jar:7.0.2]
	at org.springframework.aop.framework.CglibAopProxy$DynamicAdvisedInterceptor.intercept(CglibAopProxy.java:715) ~[spring-aop-7.0.2.jar:7.0.2]
	at cloud.norgha.multi_tenant_saas_starter_template.multitenancy.tenant.TenantResolver$$SpringCGLIB$$0.resolveTenant(<generated>) ~[classes/:na]
	at cloud.norgha.multi_tenant_saas_starter_template.multitenancy.tenant.TenantFilter.doFilterInternal(TenantFilter.java:49) ~[classes/:na]
	at org.springframework.web.filter.OncePerRequestFilter.doFilter(OncePerRequestFilter.java:116) ~[spring-web-7.0.2.jar:7.0.2]
	at org.springframework.security.web.FilterChainProxy$VirtualFilterChain.doFilter(FilterChainProxy.java:380) ~[spring-security-web-7.0.2.jar:7.0.2]
	at org.springframework.web.filter.OncePerRequestFilter.doFilter(OncePerRequestFilter.java:101) ~[spring-web-7.0.2.jar:7.0.2]
	at org.springframework.security.web.FilterChainProxy$VirtualFilterChain.doFilter(FilterChainProxy.java:380) ~[spring-security-web-7.0.2.jar:7.0.2]
	at org.springframework.security.web.authentication.logout.LogoutFilter.doFilter(LogoutFilter.java:110) ~[spring-security-web-7.0.2.jar:7.0.2]
	at org.springframework.security.web.authentication.logout.LogoutFilter.doFilter(LogoutFilter.java:96) ~[spring-security-web-7.0.2.jar:7.0.2]
	at org.springframework.security.web.FilterChainProxy$VirtualFilterChain.doFilter(FilterChainProxy.java:380) ~[spring-security-web-7.0.2.jar:7.0.2]
	at org.springframework.web.filter.CorsFilter.doFilterInternal(CorsFilter.java:91) ~[spring-web-7.0.2.jar:7.0.2]
	at org.springframework.web.filter.OncePerRequestFilter.doFilter(OncePerRequestFilter.java:116) ~[spring-web-7.0.2.jar:7.0.2]
	at org.springframework.security.web.FilterChainProxy$VirtualFilterChain.doFilter(FilterChainProxy.java:380) ~[spring-security-web-7.0.2.jar:7.0.2]
	at org.springframework.security.web.header.HeaderWriterFilter.doHeadersAfter(HeaderWriterFilter.java:90) ~[spring-security-web-7.0.2.jar:7.0.2]
	at org.springframework.security.web.header.HeaderWriterFilter.doFilterInternal(HeaderWriterFilter.java:75) ~[spring-security-web-7.0.2.jar:7.0.2]
	at org.springframework.web.filter.OncePerRequestFilter.doFilter(OncePerRequestFilter.java:116) ~[spring-web-7.0.2.jar:7.0.2]
	at org.springframework.security.web.FilterChainProxy$VirtualFilterChain.doFilter(FilterChainProxy.java:380) ~[spring-security-web-7.0.2.jar:7.0.2]
	at org.springframework.security.web.context.SecurityContextHolderFilter.doFilter(SecurityContextHolderFilter.java:82) ~[spring-security-web-7.0.2.jar:7.0.2]
	at org.springframework.security.web.context.SecurityContextHolderFilter.doFilter(SecurityContextHolderFilter.java:69) ~[spring-security-web-7.0.2.jar:7.0.2]
	at org.springframework.security.web.FilterChainProxy$VirtualFilterChain.doFilter(FilterChainProxy.java:380) ~[spring-security-web-7.0.2.jar:7.0.2]
	at org.springframework.security.web.context.request.async.WebAsyncManagerIntegrationFilter.doFilterInternal(WebAsyncManagerIntegrationFilter.java:62) ~[spring-security-web-7.0.2.jar:7.0.2]
	at org.springframework.web.filter.OncePerRequestFilter.doFilter(OncePerRequestFilter.java:116) ~[spring-web-7.0.2.jar:7.0.2]
	at org.springframework.security.web.FilterChainProxy$VirtualFilterChain.doFilter(FilterChainProxy.java:380) ~[spring-security-web-7.0.2.jar:7.0.2]
	at org.springframework.security.web.session.DisableEncodeUrlFilter.doFilterInternal(DisableEncodeUrlFilter.java:42) ~[spring-security-web-7.0.2.jar:7.0.2]
	at org.springframework.web.filter.OncePerRequestFilter.doFilter(OncePerRequestFilter.java:116) ~[spring-web-7.0.2.jar:7.0.2]
	at org.springframework.security.web.FilterChainProxy$VirtualFilterChain.doFilter(FilterChainProxy.java:380) ~[spring-security-web-7.0.2.jar:7.0.2]
	at org.springframework.security.web.FilterChainProxy.doFilterInternal(FilterChainProxy.java:237) ~[spring-security-web-7.0.2.jar:7.0.2]
	at org.springframework.security.web.FilterChainProxy.doFilter(FilterChainProxy.java:195) ~[spring-security-web-7.0.2.jar:7.0.2]
	at org.springframework.web.filter.CompositeFilter$VirtualFilterChain.doFilter(CompositeFilter.java:113) ~[spring-web-7.0.2.jar:7.0.2]
	at org.springframework.web.filter.ServletRequestPathFilter.doFilter(ServletRequestPathFilter.java:52) ~[spring-web-7.0.2.jar:7.0.2]
	at org.springframework.web.filter.CompositeFilter$VirtualFilterChain.doFilter(CompositeFilter.java:113) ~[spring-web-7.0.2.jar:7.0.2]
	at org.springframework.web.filter.CompositeFilter.doFilter(CompositeFilter.java:74) ~[spring-web-7.0.2.jar:7.0.2]
	at org.springframework.security.config.annotation.web.configuration.WebSecurityConfiguration$CompositeFilterChainProxy.doFilter(WebSecurityConfiguration.java:317) ~[spring-security-config-7.0.2.jar:7.0.2]
	at org.springframework.web.filter.DelegatingFilterProxy.invokeDelegate(DelegatingFilterProxy.java:355) ~[spring-web-7.0.2.jar:7.0.2]
	at org.springframework.web.filter.DelegatingFilterProxy.doFilter(DelegatingFilterProxy.java:272) ~[spring-web-7.0.2.jar:7.0.2]
	at org.apache.catalina.core.ApplicationFilterChain.doFilter(ApplicationFilterChain.java:107) ~[tomcat-embed-core-11.0.15.jar:11.0.15]
	at org.springframework.web.filter.RequestContextFilter.doFilterInternal(RequestContextFilter.java:100) ~[spring-web-7.0.2.jar:7.0.2]
	at org.springframework.web.filter.OncePerRequestFilter.doFilter(OncePerRequestFilter.java:116) ~[spring-web-7.0.2.jar:7.0.2]
	at org.apache.catalina.core.ApplicationFilterChain.doFilter(ApplicationFilterChain.java:107) ~[tomcat-embed-core-11.0.15.jar:11.0.15]
	at org.springframework.web.filter.FormContentFilter.doFilterInternal(FormContentFilter.java:93) ~[spring-web-7.0.2.jar:7.0.2]
	at org.springframework.web.filter.OncePerRequestFilter.doFilter(OncePerRequestFilter.java:116) ~[spring-web-7.0.2.jar:7.0.2]
	at org.apache.catalina.core.ApplicationFilterChain.doFilter(ApplicationFilterChain.java:107) ~[tomcat-embed-core-11.0.15.jar:11.0.15]
	at org.springframework.web.filter.CharacterEncodingFilter.doFilterInternal(CharacterEncodingFilter.java:199) ~[spring-web-7.0.2.jar:7.0.2]
	at org.springframework.web.filter.OncePerRequestFilter.doFilter(OncePerRequestFilter.java:116) ~[spring-web-7.0.2.jar:7.0.2]
	at org.apache.catalina.core.ApplicationFilterChain.doFilter(ApplicationFilterChain.java:107) ~[tomcat-embed-core-11.0.15.jar:11.0.15]
	at org.apache.catalina.core.StandardWrapperValve.invoke(StandardWrapperValve.java:165) ~[tomcat-embed-core-11.0.15.jar:11.0.15]
	at org.apache.catalina.core.StandardContextValve.invoke(StandardContextValve.java:77) ~[tomcat-embed-core-11.0.15.jar:11.0.15]
	at org.apache.catalina.authenticator.AuthenticatorBase.invoke(AuthenticatorBase.java:482) ~[tomcat-embed-core-11.0.15.jar:11.0.15]
	at org.apache.catalina.core.StandardHostValve.invoke(StandardHostValve.java:113) ~[tomcat-embed-core-11.0.15.jar:11.0.15]
	at org.apache.catalina.valves.ErrorReportValve.invoke(ErrorReportValve.java:83) ~[tomcat-embed-core-11.0.15.jar:11.0.15]
	at org.apache.catalina.core.StandardEngineValve.invoke(StandardEngineValve.java:72) ~[tomcat-embed-core-11.0.15.jar:11.0.15]
	at org.apache.catalina.connector.CoyoteAdapter.service(CoyoteAdapter.java:341) ~[tomcat-embed-core-11.0.15.jar:11.0.15]
	at org.apache.coyote.http11.Http11Processor.service(Http11Processor.java:397) ~[tomcat-embed-core-11.0.15.jar:11.0.15]
	at org.apache.coyote.AbstractProcessorLight.process(AbstractProcessorLight.java:63) ~[tomcat-embed-core-11.0.15.jar:11.0.15]
	at org.apache.coyote.AbstractProtocol$ConnectionHandler.process(AbstractProtocol.java:903) ~[tomcat-embed-core-11.0.15.jar:11.0.15]
	at org.apache.tomcat.util.net.NioEndpoint$SocketProcessor.doRun(NioEndpoint.java:1778) ~[tomcat-embed-core-11.0.15.jar:11.0.15]
	at org.apache.tomcat.util.net.SocketProcessorBase.run(SocketProcessorBase.java:52) ~[tomcat-embed-core-11.0.15.jar:11.0.15]
	at org.apache.tomcat.util.threads.ThreadPoolExecutor.runWorker(ThreadPoolExecutor.java:946) ~[tomcat-embed-core-11.0.15.jar:11.0.15]
	at org.apache.tomcat.util.threads.ThreadPoolExecutor$Worker.run(ThreadPoolExecutor.java:480) ~[tomcat-embed-core-11.0.15.jar:11.0.15]
	at org.apache.tomcat.util.threads.TaskThread$WrappingRunnable.run(TaskThread.java:57) ~[tomcat-embed-core-11.0.15.jar:11.0.15]
	at java.base/java.lang.Thread.run(Thread.java:1474) ~[na:na]

2026-02-01 06:41:54.239 ERROR 42446 --- [multi-tenant-saas-starter-template] [http-nio-8080-exec-3] o.a.c.c.C.[.[.[/].[dispatcherServlet]    : Servlet.service() for servlet [dispatcherServlet] in context with path [] threw exception

cloud.norgha.multi_tenant_saas_starter_template.infrastructure.exception.TenantNotFoundException: Tenant not found: tenant1
	at cloud.norgha.multi_tenant_saas_starter_template.multitenancy.tenant.TenantResolver.lambda$validateTenant$0(TenantResolver.java:73) ~[classes/:na]
	at java.base/java.util.Optional.orElseThrow(Optional.java:403) ~[na:na]
	at cloud.norgha.multi_tenant_saas_starter_template.multitenancy.tenant.TenantResolver.validateTenant(TenantResolver.java:73) ~[classes/:na]
	at cloud.norgha.multi_tenant_saas_starter_template.multitenancy.tenant.TenantResolver.resolveTenant(TenantResolver.java:55) ~[classes/:na]
	at java.base/jdk.internal.reflect.DirectMethodHandleAccessor.invoke(DirectMethodHandleAccessor.java:104) ~[na:na]
	at java.base/java.lang.reflect.Method.invoke(Method.java:565) ~[na:na]
	at org.springframework.aop.support.AopUtils.invokeJoinpointUsingReflection(AopUtils.java:359) ~[spring-aop-7.0.2.jar:7.0.2]
	at org.springframework.aop.framework.CglibAopProxy$DynamicAdvisedInterceptor.intercept(CglibAopProxy.java:715) ~[spring-aop-7.0.2.jar:7.0.2]
	at cloud.norgha.multi_tenant_saas_starter_template.multitenancy.tenant.TenantResolver$$SpringCGLIB$$0.resolveTenant(<generated>) ~[classes/:na]
	at cloud.norgha.multi_tenant_saas_starter_template.multitenancy.tenant.TenantFilter.doFilterInternal(TenantFilter.java:49) ~[classes/:na]
	at org.springframework.web.filter.OncePerRequestFilter.doFilter(OncePerRequestFilter.java:116) ~[spring-web-7.0.2.jar:7.0.2]
	at org.springframework.security.web.FilterChainProxy$VirtualFilterChain.doFilter(FilterChainProxy.java:380) ~[spring-security-web-7.0.2.jar:7.0.2]
	at cloud.norgha.multi_tenant_saas_starter_template.multitenancy.security.RateLimitingFilter.doFilterInternal(RateLimitingFilter.java:62) ~[classes/:na]
	at org.springframework.web.filter.OncePerRequestFilter.doFilter(OncePerRequestFilter.java:116) ~[spring-web-7.0.2.jar:7.0.2]
	at org.springframework.security.web.FilterChainProxy$VirtualFilterChain.doFilter(FilterChainProxy.java:380) ~[spring-security-web-7.0.2.jar:7.0.2]
	at org.springframework.security.web.authentication.logout.LogoutFilter.doFilter(LogoutFilter.java:110) ~[spring-security-web-7.0.2.jar:7.0.2]
	at org.springframework.security.web.authentication.logout.LogoutFilter.doFilter(LogoutFilter.java:96) ~[spring-security-web-7.0.2.jar:7.0.2]
	at org.springframework.security.web.FilterChainProxy$VirtualFilterChain.doFilter(FilterChainProxy.java:380) ~[spring-security-web-7.0.2.jar:7.0.2]
	at org.springframework.web.filter.CorsFilter.doFilterInternal(CorsFilter.java:91) ~[spring-web-7.0.2.jar:7.0.2]
	at org.springframework.web.filter.OncePerRequestFilter.doFilter(OncePerRequestFilter.java:116) ~[spring-web-7.0.2.jar:7.0.2]
	at org.springframework.security.web.FilterChainProxy$VirtualFilterChain.doFilter(FilterChainProxy.java:380) ~[spring-security-web-7.0.2.jar:7.0.2]
	at org.springframework.security.web.header.HeaderWriterFilter.doHeadersAfter(HeaderWriterFilter.java:90) ~[spring-security-web-7.0.2.jar:7.0.2]
	at org.springframework.security.web.header.HeaderWriterFilter.doFilterInternal(HeaderWriterFilter.java:75) ~[spring-security-web-7.0.2.jar:7.0.2]
	at org.springframework.web.filter.OncePerRequestFilter.doFilter(OncePerRequestFilter.java:116) ~[spring-web-7.0.2.jar:7.0.2]
	at org.springframework.security.web.FilterChainProxy$VirtualFilterChain.doFilter(FilterChainProxy.java:380) ~[spring-security-web-7.0.2.jar:7.0.2]
	at org.springframework.security.web.context.SecurityContextHolderFilter.doFilter(SecurityContextHolderFilter.java:82) ~[spring-security-web-7.0.2.jar:7.0.2]
	at org.springframework.security.web.context.SecurityContextHolderFilter.doFilter(SecurityContextHolderFilter.java:69) ~[spring-security-web-7.0.2.jar:7.0.2]
	at org.springframework.security.web.FilterChainProxy$VirtualFilterChain.doFilter(FilterChainProxy.java:380) ~[spring-security-web-7.0.2.jar:7.0.2]
	at org.springframework.security.web.context.request.async.WebAsyncManagerIntegrationFilter.doFilterInternal(WebAsyncManagerIntegrationFilter.java:62) ~[spring-security-web-7.0.2.jar:7.0.2]
	at org.springframework.web.filter.OncePerRequestFilter.doFilter(OncePerRequestFilter.java:116) ~[spring-web-7.0.2.jar:7.0.2]
	at org.springframework.security.web.FilterChainProxy$VirtualFilterChain.doFilter(FilterChainProxy.java:380) ~[spring-security-web-7.0.2.jar:7.0.2]
	at org.springframework.security.web.session.DisableEncodeUrlFilter.doFilterInternal(DisableEncodeUrlFilter.java:42) ~[spring-security-web-7.0.2.jar:7.0.2]
	at org.springframework.web.filter.OncePerRequestFilter.doFilter(OncePerRequestFilter.java:116) ~[spring-web-7.0.2.jar:7.0.2]
	at org.springframework.security.web.FilterChainProxy$VirtualFilterChain.doFilter(FilterChainProxy.java:380) ~[spring-security-web-7.0.2.jar:7.0.2]
	at org.springframework.security.web.FilterChainProxy.doFilterInternal(FilterChainProxy.java:237) ~[spring-security-web-7.0.2.jar:7.0.2]
	at org.springframework.security.web.FilterChainProxy.doFilter(FilterChainProxy.java:195) ~[spring-security-web-7.0.2.jar:7.0.2]
	at org.springframework.web.filter.CompositeFilter$VirtualFilterChain.doFilter(CompositeFilter.java:113) ~[spring-web-7.0.2.jar:7.0.2]
	at org.springframework.web.filter.ServletRequestPathFilter.doFilter(ServletRequestPathFilter.java:52) ~[spring-web-7.0.2.jar:7.0.2]
	at org.springframework.web.filter.CompositeFilter$VirtualFilterChain.doFilter(CompositeFilter.java:113) ~[spring-web-7.0.2.jar:7.0.2]
	at org.springframework.web.filter.CompositeFilter.doFilter(CompositeFilter.java:74) ~[spring-web-7.0.2.jar:7.0.2]
	at org.springframework.security.config.annotation.web.configuration.WebSecurityConfiguration$CompositeFilterChainProxy.doFilter(WebSecurityConfiguration.java:317) ~[spring-security-config-7.0.2.jar:7.0.2]
	at org.springframework.web.filter.DelegatingFilterProxy.invokeDelegate(DelegatingFilterProxy.java:355) ~[spring-web-7.0.2.jar:7.0.2]
	at org.springframework.web.filter.DelegatingFilterProxy.doFilter(DelegatingFilterProxy.java:272) ~[spring-web-7.0.2.jar:7.0.2]
	at org.apache.catalina.core.ApplicationFilterChain.doFilter(ApplicationFilterChain.java:107) ~[tomcat-embed-core-11.0.15.jar:11.0.15]
	at org.springframework.web.filter.RequestContextFilter.doFilterInternal(RequestContextFilter.java:100) ~[spring-web-7.0.2.jar:7.0.2]
	at org.springframework.web.filter.OncePerRequestFilter.doFilter(OncePerRequestFilter.java:116) ~[spring-web-7.0.2.jar:7.0.2]
	at org.apache.catalina.core.ApplicationFilterChain.doFilter(ApplicationFilterChain.java:107) ~[tomcat-embed-core-11.0.15.jar:11.0.15]
	at org.springframework.web.filter.FormContentFilter.doFilterInternal(FormContentFilter.java:93) ~[spring-web-7.0.2.jar:7.0.2]
	at org.springframework.web.filter.OncePerRequestFilter.doFilter(OncePerRequestFilter.java:116) ~[spring-web-7.0.2.jar:7.0.2]
	at org.apache.catalina.core.ApplicationFilterChain.doFilter(ApplicationFilterChain.java:107) ~[tomcat-embed-core-11.0.15.jar:11.0.15]
	at org.springframework.web.filter.CharacterEncodingFilter.doFilterInternal(CharacterEncodingFilter.java:199) ~[spring-web-7.0.2.jar:7.0.2]
	at org.springframework.web.filter.OncePerRequestFilter.doFilter(OncePerRequestFilter.java:116) ~[spring-web-7.0.2.jar:7.0.2]
	at org.apache.catalina.core.ApplicationFilterChain.doFilter(ApplicationFilterChain.java:107) ~[tomcat-embed-core-11.0.15.jar:11.0.15]
	at org.apache.catalina.core.StandardWrapperValve.invoke(StandardWrapperValve.java:165) ~[tomcat-embed-core-11.0.15.jar:11.0.15]
	at org.apache.catalina.core.StandardContextValve.invoke(StandardContextValve.java:77) ~[tomcat-embed-core-11.0.15.jar:11.0.15]
	at org.apache.catalina.authenticator.AuthenticatorBase.invoke(AuthenticatorBase.java:482) ~[tomcat-embed-core-11.0.15.jar:11.0.15]
	at org.apache.catalina.core.StandardHostValve.invoke(StandardHostValve.java:113) ~[tomcat-embed-core-11.0.15.jar:11.0.15]
	at org.apache.catalina.valves.ErrorReportValve.invoke(ErrorReportValve.java:83) ~[tomcat-embed-core-11.0.15.jar:11.0.15]
	at org.apache.catalina.core.StandardEngineValve.invoke(StandardEngineValve.java:72) ~[tomcat-embed-core-11.0.15.jar:11.0.15]
	at org.apache.catalina.connector.CoyoteAdapter.service(CoyoteAdapter.java:341) ~[tomcat-embed-core-11.0.15.jar:11.0.15]
	at org.apache.coyote.http11.Http11Processor.service(Http11Processor.java:397) ~[tomcat-embed-core-11.0.15.jar:11.0.15]
	at org.apache.coyote.AbstractProcessorLight.process(AbstractProcessorLight.java:63) ~[tomcat-embed-core-11.0.15.jar:11.0.15]
	at org.apache.coyote.AbstractProtocol$ConnectionHandler.process(AbstractProtocol.java:903) ~[tomcat-embed-core-11.0.15.jar:11.0.15]
	at org.apache.tomcat.util.net.NioEndpoint$SocketProcessor.doRun(NioEndpoint.java:1778) ~[tomcat-embed-core-11.0.15.jar:11.0.15]
	at org.apache.tomcat.util.net.SocketProcessorBase.run(SocketProcessorBase.java:52) ~[tomcat-embed-core-11.0.15.jar:11.0.15]
	at org.apache.tomcat.util.threads.ThreadPoolExecutor.runWorker(ThreadPoolExecutor.java:946) ~[tomcat-embed-core-11.0.15.jar:11.0.15]
	at org.apache.tomcat.util.threads.ThreadPoolExecutor$Worker.run(ThreadPoolExecutor.java:480) ~[tomcat-embed-core-11.0.15.jar:11.0.15]
	at org.apache.tomcat.util.threads.TaskThread$WrappingRunnable.run(TaskThread.java:57) ~[tomcat-embed-core-11.0.15.jar:11.0.15]
	at java.base/java.lang.Thread.run(Thread.java:1474) ~[na:na]

2026-02-01 06:42:03.399 ERROR 42446 --- [multi-tenant-saas-starter-template] [http-nio-8080-exec-5] o.a.c.c.C.[.[.[/].[dispatcherServlet]    : Servlet.service() for servlet [dispatcherServlet] in context with path [] threw exception

cloud.norgha.multi_tenant_saas_starter_template.infrastructure.exception.TenantNotFoundException: Tenant not found: tenant1
	at cloud.norgha.multi_tenant_saas_starter_template.multitenancy.tenant.TenantResolver.lambda$validateTenant$0(TenantResolver.java:73) ~[classes/:na]
	at java.base/java.util.Optional.orElseThrow(Optional.java:403) ~[na:na]
	at cloud.norgha.multi_tenant_saas_starter_template.multitenancy.tenant.TenantResolver.validateTenant(TenantResolver.java:73) ~[classes/:na]
	at cloud.norgha.multi_tenant_saas_starter_template.multitenancy.tenant.TenantResolver.resolveTenant(TenantResolver.java:55) ~[classes/:na]
	at java.base/jdk.internal.reflect.DirectMethodHandleAccessor.invoke(DirectMethodHandleAccessor.java:104) ~[na:na]
	at java.base/java.lang.reflect.Method.invoke(Method.java:565) ~[na:na]
	at org.springframework.aop.support.AopUtils.invokeJoinpointUsingReflection(AopUtils.java:359) ~[spring-aop-7.0.2.jar:7.0.2]
	at org.springframework.aop.framework.CglibAopProxy$DynamicAdvisedInterceptor.intercept(CglibAopProxy.java:715) ~[spring-aop-7.0.2.jar:7.0.2]
	at cloud.norgha.multi_tenant_saas_starter_template.multitenancy.tenant.TenantResolver$$SpringCGLIB$$0.resolveTenant(<generated>) ~[classes/:na]
	at cloud.norgha.multi_tenant_saas_starter_template.multitenancy.tenant.TenantFilter.doFilterInternal(TenantFilter.java:49) ~[classes/:na]
	at org.springframework.web.filter.OncePerRequestFilter.doFilter(OncePerRequestFilter.java:116) ~[spring-web-7.0.2.jar:7.0.2]
	at org.springframework.security.web.FilterChainProxy$VirtualFilterChain.doFilter(FilterChainProxy.java:380) ~[spring-security-web-7.0.2.jar:7.0.2]
	at cloud.norgha.multi_tenant_saas_starter_template.multitenancy.security.RateLimitingFilter.doFilterInternal(RateLimitingFilter.java:62) ~[classes/:na]
	at org.springframework.web.filter.OncePerRequestFilter.doFilter(OncePerRequestFilter.java:116) ~[spring-web-7.0.2.jar:7.0.2]
	at org.springframework.security.web.FilterChainProxy$VirtualFilterChain.doFilter(FilterChainProxy.java:380) ~[spring-security-web-7.0.2.jar:7.0.2]
	at org.springframework.security.web.authentication.logout.LogoutFilter.doFilter(LogoutFilter.java:110) ~[spring-security-web-7.0.2.jar:7.0.2]
	at org.springframework.security.web.authentication.logout.LogoutFilter.doFilter(LogoutFilter.java:96) ~[spring-security-web-7.0.2.jar:7.0.2]
	at org.springframework.security.web.FilterChainProxy$VirtualFilterChain.doFilter(FilterChainProxy.java:380) ~[spring-security-web-7.0.2.jar:7.0.2]
	at org.springframework.web.filter.CorsFilter.doFilterInternal(CorsFilter.java:91) ~[spring-web-7.0.2.jar:7.0.2]
	at org.springframework.web.filter.OncePerRequestFilter.doFilter(OncePerRequestFilter.java:116) ~[spring-web-7.0.2.jar:7.0.2]
	at org.springframework.security.web.FilterChainProxy$VirtualFilterChain.doFilter(FilterChainProxy.java:380) ~[spring-security-web-7.0.2.jar:7.0.2]
	at org.springframework.security.web.header.HeaderWriterFilter.doHeadersAfter(HeaderWriterFilter.java:90) ~[spring-security-web-7.0.2.jar:7.0.2]
	at org.springframework.security.web.header.HeaderWriterFilter.doFilterInternal(HeaderWriterFilter.java:75) ~[spring-security-web-7.0.2.jar:7.0.2]
	at org.springframework.web.filter.OncePerRequestFilter.doFilter(OncePerRequestFilter.java:116) ~[spring-web-7.0.2.jar:7.0.2]
	at org.springframework.security.web.FilterChainProxy$VirtualFilterChain.doFilter(FilterChainProxy.java:380) ~[spring-security-web-7.0.2.jar:7.0.2]
	at org.springframework.security.web.context.SecurityContextHolderFilter.doFilter(SecurityContextHolderFilter.java:82) ~[spring-security-web-7.0.2.jar:7.0.2]
	at org.springframework.security.web.context.SecurityContextHolderFilter.doFilter(SecurityContextHolderFilter.java:69) ~[spring-security-web-7.0.2.jar:7.0.2]
	at org.springframework.security.web.FilterChainProxy$VirtualFilterChain.doFilter(FilterChainProxy.java:380) ~[spring-security-web-7.0.2.jar:7.0.2]
	at org.springframework.security.web.context.request.async.WebAsyncManagerIntegrationFilter.doFilterInternal(WebAsyncManagerIntegrationFilter.java:62) ~[spring-security-web-7.0.2.jar:7.0.2]
	at org.springframework.web.filter.OncePerRequestFilter.doFilter(OncePerRequestFilter.java:116) ~[spring-web-7.0.2.jar:7.0.2]
	at org.springframework.security.web.FilterChainProxy$VirtualFilterChain.doFilter(FilterChainProxy.java:380) ~[spring-security-web-7.0.2.jar:7.0.2]
	at org.springframework.security.web.session.DisableEncodeUrlFilter.doFilterInternal(DisableEncodeUrlFilter.java:42) ~[spring-security-web-7.0.2.jar:7.0.2]
	at org.springframework.web.filter.OncePerRequestFilter.doFilter(OncePerRequestFilter.java:116) ~[spring-web-7.0.2.jar:7.0.2]
	at org.springframework.security.web.FilterChainProxy$VirtualFilterChain.doFilter(FilterChainProxy.java:380) ~[spring-security-web-7.0.2.jar:7.0.2]
	at org.springframework.security.web.FilterChainProxy.doFilterInternal(FilterChainProxy.java:237) ~[spring-security-web-7.0.2.jar:7.0.2]
	at org.springframework.security.web.FilterChainProxy.doFilter(FilterChainProxy.java:195) ~[spring-security-web-7.0.2.jar:7.0.2]
	at org.springframework.web.filter.CompositeFilter$VirtualFilterChain.doFilter(CompositeFilter.java:113) ~[spring-web-7.0.2.jar:7.0.2]
	at org.springframework.web.filter.ServletRequestPathFilter.doFilter(ServletRequestPathFilter.java:52) ~[spring-web-7.0.2.jar:7.0.2]
	at org.springframework.web.filter.CompositeFilter$VirtualFilterChain.doFilter(CompositeFilter.java:113) ~[spring-web-7.0.2.jar:7.0.2]
	at org.springframework.web.filter.CompositeFilter.doFilter(CompositeFilter.java:74) ~[spring-web-7.0.2.jar:7.0.2]
	at org.springframework.security.config.annotation.web.configuration.WebSecurityConfiguration$CompositeFilterChainProxy.doFilter(WebSecurityConfiguration.java:317) ~[spring-security-config-7.0.2.jar:7.0.2]
	at org.springframework.web.filter.DelegatingFilterProxy.invokeDelegate(DelegatingFilterProxy.java:355) ~[spring-web-7.0.2.jar:7.0.2]
	at org.springframework.web.filter.DelegatingFilterProxy.doFilter(DelegatingFilterProxy.java:272) ~[spring-web-7.0.2.jar:7.0.2]
	at org.apache.catalina.core.ApplicationFilterChain.doFilter(ApplicationFilterChain.java:107) ~[tomcat-embed-core-11.0.15.jar:11.0.15]
	at org.springframework.web.filter.RequestContextFilter.doFilterInternal(RequestContextFilter.java:100) ~[spring-web-7.0.2.jar:7.0.2]
	at org.springframework.web.filter.OncePerRequestFilter.doFilter(OncePerRequestFilter.java:116) ~[spring-web-7.0.2.jar:7.0.2]
	at org.apache.catalina.core.ApplicationFilterChain.doFilter(ApplicationFilterChain.java:107) ~[tomcat-embed-core-11.0.15.jar:11.0.15]
	at org.springframework.web.filter.FormContentFilter.doFilterInternal(FormContentFilter.java:93) ~[spring-web-7.0.2.jar:7.0.2]
	at org.springframework.web.filter.OncePerRequestFilter.doFilter(OncePerRequestFilter.java:116) ~[spring-web-7.0.2.jar:7.0.2]
	at org.apache.catalina.core.ApplicationFilterChain.doFilter(ApplicationFilterChain.java:107) ~[tomcat-embed-core-11.0.15.jar:11.0.15]
	at org.springframework.web.filter.CharacterEncodingFilter.doFilterInternal(CharacterEncodingFilter.java:199) ~[spring-web-7.0.2.jar:7.0.2]
	at org.springframework.web.filter.OncePerRequestFilter.doFilter(OncePerRequestFilter.java:116) ~[spring-web-7.0.2.jar:7.0.2]
	at org.apache.catalina.core.ApplicationFilterChain.doFilter(ApplicationFilterChain.java:107) ~[tomcat-embed-core-11.0.15.jar:11.0.15]
	at org.apache.catalina.core.StandardWrapperValve.invoke(StandardWrapperValve.java:165) ~[tomcat-embed-core-11.0.15.jar:11.0.15]
	at org.apache.catalina.core.StandardContextValve.invoke(StandardContextValve.java:77) ~[tomcat-embed-core-11.0.15.jar:11.0.15]
	at org.apache.catalina.authenticator.AuthenticatorBase.invoke(AuthenticatorBase.java:482) ~[tomcat-embed-core-11.0.15.jar:11.0.15]
	at org.apache.catalina.core.StandardHostValve.invoke(StandardHostValve.java:113) ~[tomcat-embed-core-11.0.15.jar:11.0.15]
	at org.apache.catalina.valves.ErrorReportValve.invoke(ErrorReportValve.java:83) ~[tomcat-embed-core-11.0.15.jar:11.0.15]
	at org.apache.catalina.core.StandardEngineValve.invoke(StandardEngineValve.java:72) ~[tomcat-embed-core-11.0.15.jar:11.0.15]
	at org.apache.catalina.connector.CoyoteAdapter.service(CoyoteAdapter.java:341) ~[tomcat-embed-core-11.0.15.jar:11.0.15]
	at org.apache.coyote.http11.Http11Processor.service(Http11Processor.java:397) ~[tomcat-embed-core-11.0.15.jar:11.0.15]
	at org.apache.coyote.AbstractProcessorLight.process(AbstractProcessorLight.java:63) ~[tomcat-embed-core-11.0.15.jar:11.0.15]
	at org.apache.coyote.AbstractProtocol$ConnectionHandler.process(AbstractProtocol.java:903) ~[tomcat-embed-core-11.0.15.jar:11.0.15]
	at org.apache.tomcat.util.net.NioEndpoint$SocketProcessor.doRun(NioEndpoint.java:1778) ~[tomcat-embed-core-11.0.15.jar:11.0.15]
	at org.apache.tomcat.util.net.SocketProcessorBase.run(SocketProcessorBase.java:52) ~[tomcat-embed-core-11.0.15.jar:11.0.15]
	at org.apache.tomcat.util.threads.ThreadPoolExecutor.runWorker(ThreadPoolExecutor.java:946) ~[tomcat-embed-core-11.0.15.jar:11.0.15]
	at org.apache.tomcat.util.threads.ThreadPoolExecutor$Worker.run(ThreadPoolExecutor.java:480) ~[tomcat-embed-core-11.0.15.jar:11.0.15]
	at org.apache.tomcat.util.threads.TaskThread$WrappingRunnable.run(TaskThread.java:57) ~[tomcat-embed-core-11.0.15.jar:11.0.15]
	at java.base/java.lang.Thread.run(Thread.java:1474) ~[na:na]

2026-02-01 06:42:31.050 ERROR 42446 --- [multi-tenant-saas-starter-template] [http-nio-8080-exec-10] o.a.c.c.C.[.[.[/].[dispatcherServlet]    : Servlet.service() for servlet [dispatcherServlet] in context with path [] threw exception

cloud.norgha.multi_tenant_saas_starter_template.infrastructure.exception.TenantNotFoundException: Tenant not found: tenant1
	at cloud.norgha.multi_tenant_saas_starter_template.multitenancy.tenant.TenantResolver.lambda$validateTenant$0(TenantResolver.java:73) ~[classes/:na]
	at java.base/java.util.Optional.orElseThrow(Optional.java:403) ~[na:na]
	at cloud.norgha.multi_tenant_saas_starter_template.multitenancy.tenant.TenantResolver.validateTenant(TenantResolver.java:73) ~[classes/:na]
	at cloud.norgha.multi_tenant_saas_starter_template.multitenancy.tenant.TenantResolver.resolveTenant(TenantResolver.java:55) ~[classes/:na]
	at java.base/jdk.internal.reflect.DirectMethodHandleAccessor.invoke(DirectMethodHandleAccessor.java:104) ~[na:na]
	at java.base/java.lang.reflect.Method.invoke(Method.java:565) ~[na:na]
	at org.springframework.aop.support.AopUtils.invokeJoinpointUsingReflection(AopUtils.java:359) ~[spring-aop-7.0.2.jar:7.0.2]
	at org.springframework.aop.framework.CglibAopProxy$DynamicAdvisedInterceptor.intercept(CglibAopProxy.java:715) ~[spring-aop-7.0.2.jar:7.0.2]
	at cloud.norgha.multi_tenant_saas_starter_template.multitenancy.tenant.TenantResolver$$SpringCGLIB$$0.resolveTenant(<generated>) ~[classes/:na]
	at cloud.norgha.multi_tenant_saas_starter_template.multitenancy.tenant.TenantFilter.doFilterInternal(TenantFilter.java:49) ~[classes/:na]
	at org.springframework.web.filter.OncePerRequestFilter.doFilter(OncePerRequestFilter.java:116) ~[spring-web-7.0.2.jar:7.0.2]
	at org.springframework.security.web.FilterChainProxy$VirtualFilterChain.doFilter(FilterChainProxy.java:380) ~[spring-security-web-7.0.2.jar:7.0.2]
	at org.springframework.web.filter.OncePerRequestFilter.doFilter(OncePerRequestFilter.java:101) ~[spring-web-7.0.2.jar:7.0.2]
	at org.springframework.security.web.FilterChainProxy$VirtualFilterChain.doFilter(FilterChainProxy.java:380) ~[spring-security-web-7.0.2.jar:7.0.2]
	at org.springframework.security.web.authentication.logout.LogoutFilter.doFilter(LogoutFilter.java:110) ~[spring-security-web-7.0.2.jar:7.0.2]
	at org.springframework.security.web.authentication.logout.LogoutFilter.doFilter(LogoutFilter.java:96) ~[spring-security-web-7.0.2.jar:7.0.2]
	at org.springframework.security.web.FilterChainProxy$VirtualFilterChain.doFilter(FilterChainProxy.java:380) ~[spring-security-web-7.0.2.jar:7.0.2]
	at org.springframework.web.filter.CorsFilter.doFilterInternal(CorsFilter.java:91) ~[spring-web-7.0.2.jar:7.0.2]
	at org.springframework.web.filter.OncePerRequestFilter.doFilter(OncePerRequestFilter.java:116) ~[spring-web-7.0.2.jar:7.0.2]
	at org.springframework.security.web.FilterChainProxy$VirtualFilterChain.doFilter(FilterChainProxy.java:380) ~[spring-security-web-7.0.2.jar:7.0.2]
	at org.springframework.security.web.header.HeaderWriterFilter.doHeadersAfter(HeaderWriterFilter.java:90) ~[spring-security-web-7.0.2.jar:7.0.2]
	at org.springframework.security.web.header.HeaderWriterFilter.doFilterInternal(HeaderWriterFilter.java:75) ~[spring-security-web-7.0.2.jar:7.0.2]
	at org.springframework.web.filter.OncePerRequestFilter.doFilter(OncePerRequestFilter.java:116) ~[spring-web-7.0.2.jar:7.0.2]
	at org.springframework.security.web.FilterChainProxy$VirtualFilterChain.doFilter(FilterChainProxy.java:380) ~[spring-security-web-7.0.2.jar:7.0.2]
	at org.springframework.security.web.context.SecurityContextHolderFilter.doFilter(SecurityContextHolderFilter.java:82) ~[spring-security-web-7.0.2.jar:7.0.2]
	at org.springframework.security.web.context.SecurityContextHolderFilter.doFilter(SecurityContextHolderFilter.java:69) ~[spring-security-web-7.0.2.jar:7.0.2]
	at org.springframework.security.web.FilterChainProxy$VirtualFilterChain.doFilter(FilterChainProxy.java:380) ~[spring-security-web-7.0.2.jar:7.0.2]
	at org.springframework.security.web.context.request.async.WebAsyncManagerIntegrationFilter.doFilterInternal(WebAsyncManagerIntegrationFilter.java:62) ~[spring-security-web-7.0.2.jar:7.0.2]
	at org.springframework.web.filter.OncePerRequestFilter.doFilter(OncePerRequestFilter.java:116) ~[spring-web-7.0.2.jar:7.0.2]
	at org.springframework.security.web.FilterChainProxy$VirtualFilterChain.doFilter(FilterChainProxy.java:380) ~[spring-security-web-7.0.2.jar:7.0.2]
	at org.springframework.security.web.session.DisableEncodeUrlFilter.doFilterInternal(DisableEncodeUrlFilter.java:42) ~[spring-security-web-7.0.2.jar:7.0.2]
	at org.springframework.web.filter.OncePerRequestFilter.doFilter(OncePerRequestFilter.java:116) ~[spring-web-7.0.2.jar:7.0.2]
	at org.springframework.security.web.FilterChainProxy$VirtualFilterChain.doFilter(FilterChainProxy.java:380) ~[spring-security-web-7.0.2.jar:7.0.2]
	at org.springframework.security.web.FilterChainProxy.doFilterInternal(FilterChainProxy.java:237) ~[spring-security-web-7.0.2.jar:7.0.2]
	at org.springframework.security.web.FilterChainProxy.doFilter(FilterChainProxy.java:195) ~[spring-security-web-7.0.2.jar:7.0.2]
	at org.springframework.web.filter.CompositeFilter$VirtualFilterChain.doFilter(CompositeFilter.java:113) ~[spring-web-7.0.2.jar:7.0.2]
	at org.springframework.web.filter.ServletRequestPathFilter.doFilter(ServletRequestPathFilter.java:52) ~[spring-web-7.0.2.jar:7.0.2]
	at org.springframework.web.filter.CompositeFilter$VirtualFilterChain.doFilter(CompositeFilter.java:113) ~[spring-web-7.0.2.jar:7.0.2]
	at org.springframework.web.filter.CompositeFilter.doFilter(CompositeFilter.java:74) ~[spring-web-7.0.2.jar:7.0.2]
	at org.springframework.security.config.annotation.web.configuration.WebSecurityConfiguration$CompositeFilterChainProxy.doFilter(WebSecurityConfiguration.java:317) ~[spring-security-config-7.0.2.jar:7.0.2]
	at org.springframework.web.filter.DelegatingFilterProxy.invokeDelegate(DelegatingFilterProxy.java:355) ~[spring-web-7.0.2.jar:7.0.2]
	at org.springframework.web.filter.DelegatingFilterProxy.doFilter(DelegatingFilterProxy.java:272) ~[spring-web-7.0.2.jar:7.0.2]
	at org.apache.catalina.core.ApplicationFilterChain.doFilter(ApplicationFilterChain.java:107) ~[tomcat-embed-core-11.0.15.jar:11.0.15]
	at org.springframework.web.filter.RequestContextFilter.doFilterInternal(RequestContextFilter.java:100) ~[spring-web-7.0.2.jar:7.0.2]
	at org.springframework.web.filter.OncePerRequestFilter.doFilter(OncePerRequestFilter.java:116) ~[spring-web-7.0.2.jar:7.0.2]
	at org.apache.catalina.core.ApplicationFilterChain.doFilter(ApplicationFilterChain.java:107) ~[tomcat-embed-core-11.0.15.jar:11.0.15]
	at org.springframework.web.filter.FormContentFilter.doFilterInternal(FormContentFilter.java:93) ~[spring-web-7.0.2.jar:7.0.2]
	at org.springframework.web.filter.OncePerRequestFilter.doFilter(OncePerRequestFilter.java:116) ~[spring-web-7.0.2.jar:7.0.2]
	at org.apache.catalina.core.ApplicationFilterChain.doFilter(ApplicationFilterChain.java:107) ~[tomcat-embed-core-11.0.15.jar:11.0.15]
	at org.springframework.web.filter.CharacterEncodingFilter.doFilterInternal(CharacterEncodingFilter.java:199) ~[spring-web-7.0.2.jar:7.0.2]
	at org.springframework.web.filter.OncePerRequestFilter.doFilter(OncePerRequestFilter.java:116) ~[spring-web-7.0.2.jar:7.0.2]
	at org.apache.catalina.core.ApplicationFilterChain.doFilter(ApplicationFilterChain.java:107) ~[tomcat-embed-core-11.0.15.jar:11.0.15]
	at org.apache.catalina.core.StandardWrapperValve.invoke(StandardWrapperValve.java:165) ~[tomcat-embed-core-11.0.15.jar:11.0.15]
	at org.apache.catalina.core.StandardContextValve.invoke(StandardContextValve.java:77) ~[tomcat-embed-core-11.0.15.jar:11.0.15]
	at org.apache.catalina.authenticator.AuthenticatorBase.invoke(AuthenticatorBase.java:482) ~[tomcat-embed-core-11.0.15.jar:11.0.15]
	at org.apache.catalina.core.StandardHostValve.invoke(StandardHostValve.java:113) ~[tomcat-embed-core-11.0.15.jar:11.0.15]
	at org.apache.catalina.valves.ErrorReportValve.invoke(ErrorReportValve.java:83) ~[tomcat-embed-core-11.0.15.jar:11.0.15]
	at org.apache.catalina.core.StandardEngineValve.invoke(StandardEngineValve.java:72) ~[tomcat-embed-core-11.0.15.jar:11.0.15]
	at org.apache.catalina.connector.CoyoteAdapter.service(CoyoteAdapter.java:341) ~[tomcat-embed-core-11.0.15.jar:11.0.15]
	at org.apache.coyote.http11.Http11Processor.service(Http11Processor.java:397) ~[tomcat-embed-core-11.0.15.jar:11.0.15]
	at org.apache.coyote.AbstractProcessorLight.process(AbstractProcessorLight.java:63) ~[tomcat-embed-core-11.0.15.jar:11.0.15]
	at org.apache.coyote.AbstractProtocol$ConnectionHandler.process(AbstractProtocol.java:903) ~[tomcat-embed-core-11.0.15.jar:11.0.15]
	at org.apache.tomcat.util.net.NioEndpoint$SocketProcessor.doRun(NioEndpoint.java:1778) ~[tomcat-embed-core-11.0.15.jar:11.0.15]
	at org.apache.tomcat.util.net.SocketProcessorBase.run(SocketProcessorBase.java:52) ~[tomcat-embed-core-11.0.15.jar:11.0.15]
	at org.apache.tomcat.util.threads.ThreadPoolExecutor.runWorker(ThreadPoolExecutor.java:946) ~[tomcat-embed-core-11.0.15.jar:11.0.15]
	at org.apache.tomcat.util.threads.ThreadPoolExecutor$Worker.run(ThreadPoolExecutor.java:480) ~[tomcat-embed-core-11.0.15.jar:11.0.15]
	at org.apache.tomcat.util.threads.TaskThread$WrappingRunnable.run(TaskThread.java:57) ~[tomcat-embed-core-11.0.15.jar:11.0.15]
	at java.base/java.lang.Thread.run(Thread.java:1474) ~[na:na]

2026-02-01 06:42:59.420 ERROR 42446 --- [multi-tenant-saas-starter-template] [http-nio-8080-exec-6] o.a.c.c.C.[.[.[/].[dispatcherServlet]    : Servlet.service() for servlet [dispatcherServlet] in context with path [] threw exception

cloud.norgha.multi_tenant_saas_starter_template.infrastructure.exception.TenantMissingException: Missing X-Tenant-ID header
	at cloud.norgha.multi_tenant_saas_starter_template.multitenancy.tenant.TenantResolver.resolveTenant(TenantResolver.java:46) ~[classes/:na]
	at java.base/jdk.internal.reflect.DirectMethodHandleAccessor.invoke(DirectMethodHandleAccessor.java:104) ~[na:na]
	at java.base/java.lang.reflect.Method.invoke(Method.java:565) ~[na:na]
	at org.springframework.aop.support.AopUtils.invokeJoinpointUsingReflection(AopUtils.java:359) ~[spring-aop-7.0.2.jar:7.0.2]
	at org.springframework.aop.framework.CglibAopProxy$DynamicAdvisedInterceptor.intercept(CglibAopProxy.java:715) ~[spring-aop-7.0.2.jar:7.0.2]
	at cloud.norgha.multi_tenant_saas_starter_template.multitenancy.tenant.TenantResolver$$SpringCGLIB$$0.resolveTenant(<generated>) ~[classes/:na]
	at cloud.norgha.multi_tenant_saas_starter_template.multitenancy.tenant.TenantFilter.doFilterInternal(TenantFilter.java:49) ~[classes/:na]
	at org.springframework.web.filter.OncePerRequestFilter.doFilter(OncePerRequestFilter.java:116) ~[spring-web-7.0.2.jar:7.0.2]
	at org.springframework.security.web.FilterChainProxy$VirtualFilterChain.doFilter(FilterChainProxy.java:380) ~[spring-security-web-7.0.2.jar:7.0.2]
	at org.springframework.web.filter.OncePerRequestFilter.doFilter(OncePerRequestFilter.java:101) ~[spring-web-7.0.2.jar:7.0.2]
	at org.springframework.security.web.FilterChainProxy$VirtualFilterChain.doFilter(FilterChainProxy.java:380) ~[spring-security-web-7.0.2.jar:7.0.2]
	at org.springframework.security.web.authentication.logout.LogoutFilter.doFilter(LogoutFilter.java:110) ~[spring-security-web-7.0.2.jar:7.0.2]
	at org.springframework.security.web.authentication.logout.LogoutFilter.doFilter(LogoutFilter.java:96) ~[spring-security-web-7.0.2.jar:7.0.2]
	at org.springframework.security.web.FilterChainProxy$VirtualFilterChain.doFilter(FilterChainProxy.java:380) ~[spring-security-web-7.0.2.jar:7.0.2]
	at org.springframework.web.filter.CorsFilter.doFilterInternal(CorsFilter.java:91) ~[spring-web-7.0.2.jar:7.0.2]
	at org.springframework.web.filter.OncePerRequestFilter.doFilter(OncePerRequestFilter.java:116) ~[spring-web-7.0.2.jar:7.0.2]
	at org.springframework.security.web.FilterChainProxy$VirtualFilterChain.doFilter(FilterChainProxy.java:380) ~[spring-security-web-7.0.2.jar:7.0.2]
	at org.springframework.security.web.header.HeaderWriterFilter.doHeadersAfter(HeaderWriterFilter.java:90) ~[spring-security-web-7.0.2.jar:7.0.2]
	at org.springframework.security.web.header.HeaderWriterFilter.doFilterInternal(HeaderWriterFilter.java:75) ~[spring-security-web-7.0.2.jar:7.0.2]
	at org.springframework.web.filter.OncePerRequestFilter.doFilter(OncePerRequestFilter.java:116) ~[spring-web-7.0.2.jar:7.0.2]
	at org.springframework.security.web.FilterChainProxy$VirtualFilterChain.doFilter(FilterChainProxy.java:380) ~[spring-security-web-7.0.2.jar:7.0.2]
	at org.springframework.security.web.context.SecurityContextHolderFilter.doFilter(SecurityContextHolderFilter.java:82) ~[spring-security-web-7.0.2.jar:7.0.2]
	at org.springframework.security.web.context.SecurityContextHolderFilter.doFilter(SecurityContextHolderFilter.java:69) ~[spring-security-web-7.0.2.jar:7.0.2]
	at org.springframework.security.web.FilterChainProxy$VirtualFilterChain.doFilter(FilterChainProxy.java:380) ~[spring-security-web-7.0.2.jar:7.0.2]
	at org.springframework.security.web.context.request.async.WebAsyncManagerIntegrationFilter.doFilterInternal(WebAsyncManagerIntegrationFilter.java:62) ~[spring-security-web-7.0.2.jar:7.0.2]
	at org.springframework.web.filter.OncePerRequestFilter.doFilter(OncePerRequestFilter.java:116) ~[spring-web-7.0.2.jar:7.0.2]
	at org.springframework.security.web.FilterChainProxy$VirtualFilterChain.doFilter(FilterChainProxy.java:380) ~[spring-security-web-7.0.2.jar:7.0.2]
	at org.springframework.security.web.session.DisableEncodeUrlFilter.doFilterInternal(DisableEncodeUrlFilter.java:42) ~[spring-security-web-7.0.2.jar:7.0.2]
	at org.springframework.web.filter.OncePerRequestFilter.doFilter(OncePerRequestFilter.java:116) ~[spring-web-7.0.2.jar:7.0.2]
	at org.springframework.security.web.FilterChainProxy$VirtualFilterChain.doFilter(FilterChainProxy.java:380) ~[spring-security-web-7.0.2.jar:7.0.2]
	at org.springframework.security.web.FilterChainProxy.doFilterInternal(FilterChainProxy.java:237) ~[spring-security-web-7.0.2.jar:7.0.2]
	at org.springframework.security.web.FilterChainProxy.doFilter(FilterChainProxy.java:195) ~[spring-security-web-7.0.2.jar:7.0.2]
	at org.springframework.web.filter.CompositeFilter$VirtualFilterChain.doFilter(CompositeFilter.java:113) ~[spring-web-7.0.2.jar:7.0.2]
	at org.springframework.web.filter.ServletRequestPathFilter.doFilter(ServletRequestPathFilter.java:52) ~[spring-web-7.0.2.jar:7.0.2]
	at org.springframework.web.filter.CompositeFilter$VirtualFilterChain.doFilter(CompositeFilter.java:113) ~[spring-web-7.0.2.jar:7.0.2]
	at org.springframework.web.filter.CompositeFilter.doFilter(CompositeFilter.java:74) ~[spring-web-7.0.2.jar:7.0.2]
	at org.springframework.security.config.annotation.web.configuration.WebSecurityConfiguration$CompositeFilterChainProxy.doFilter(WebSecurityConfiguration.java:317) ~[spring-security-config-7.0.2.jar:7.0.2]
	at org.springframework.web.filter.DelegatingFilterProxy.invokeDelegate(DelegatingFilterProxy.java:355) ~[spring-web-7.0.2.jar:7.0.2]
	at org.springframework.web.filter.DelegatingFilterProxy.doFilter(DelegatingFilterProxy.java:272) ~[spring-web-7.0.2.jar:7.0.2]
	at org.apache.catalina.core.ApplicationFilterChain.doFilter(ApplicationFilterChain.java:107) ~[tomcat-embed-core-11.0.15.jar:11.0.15]
	at org.springframework.web.filter.RequestContextFilter.doFilterInternal(RequestContextFilter.java:100) ~[spring-web-7.0.2.jar:7.0.2]
	at org.springframework.web.filter.OncePerRequestFilter.doFilter(OncePerRequestFilter.java:116) ~[spring-web-7.0.2.jar:7.0.2]
	at org.apache.catalina.core.ApplicationFilterChain.doFilter(ApplicationFilterChain.java:107) ~[tomcat-embed-core-11.0.15.jar:11.0.15]
	at org.springframework.web.filter.FormContentFilter.doFilterInternal(FormContentFilter.java:93) ~[spring-web-7.0.2.jar:7.0.2]
	at org.springframework.web.filter.OncePerRequestFilter.doFilter(OncePerRequestFilter.java:116) ~[spring-web-7.0.2.jar:7.0.2]
	at org.apache.catalina.core.ApplicationFilterChain.doFilter(ApplicationFilterChain.java:107) ~[tomcat-embed-core-11.0.15.jar:11.0.15]
	at org.springframework.web.filter.CharacterEncodingFilter.doFilterInternal(CharacterEncodingFilter.java:199) ~[spring-web-7.0.2.jar:7.0.2]
	at org.springframework.web.filter.OncePerRequestFilter.doFilter(OncePerRequestFilter.java:116) ~[spring-web-7.0.2.jar:7.0.2]
	at org.apache.catalina.core.ApplicationFilterChain.doFilter(ApplicationFilterChain.java:107) ~[tomcat-embed-core-11.0.15.jar:11.0.15]
	at org.apache.catalina.core.StandardWrapperValve.invoke(StandardWrapperValve.java:165) ~[tomcat-embed-core-11.0.15.jar:11.0.15]
	at org.apache.catalina.core.StandardContextValve.invoke(StandardContextValve.java:77) ~[tomcat-embed-core-11.0.15.jar:11.0.15]
	at org.apache.catalina.authenticator.AuthenticatorBase.invoke(AuthenticatorBase.java:482) ~[tomcat-embed-core-11.0.15.jar:11.0.15]
	at org.apache.catalina.core.StandardHostValve.invoke(StandardHostValve.java:113) ~[tomcat-embed-core-11.0.15.jar:11.0.15]
	at org.apache.catalina.valves.ErrorReportValve.invoke(ErrorReportValve.java:83) ~[tomcat-embed-core-11.0.15.jar:11.0.15]
	at org.apache.catalina.core.StandardEngineValve.invoke(StandardEngineValve.java:72) ~[tomcat-embed-core-11.0.15.jar:11.0.15]
	at org.apache.catalina.connector.CoyoteAdapter.service(CoyoteAdapter.java:341) ~[tomcat-embed-core-11.0.15.jar:11.0.15]
	at org.apache.coyote.http11.Http11Processor.service(Http11Processor.java:397) ~[tomcat-embed-core-11.0.15.jar:11.0.15]
	at org.apache.coyote.AbstractProcessorLight.process(AbstractProcessorLight.java:63) ~[tomcat-embed-core-11.0.15.jar:11.0.15]
	at org.apache.coyote.AbstractProtocol$ConnectionHandler.process(AbstractProtocol.java:903) ~[tomcat-embed-core-11.0.15.jar:11.0.15]
	at org.apache.tomcat.util.net.NioEndpoint$SocketProcessor.doRun(NioEndpoint.java:1778) ~[tomcat-embed-core-11.0.15.jar:11.0.15]
	at org.apache.tomcat.util.net.SocketProcessorBase.run(SocketProcessorBase.java:52) ~[tomcat-embed-core-11.0.15.jar:11.0.15]
	at org.apache.tomcat.util.threads.ThreadPoolExecutor.runWorker(ThreadPoolExecutor.java:946) ~[tomcat-embed-core-11.0.15.jar:11.0.15]
	at org.apache.tomcat.util.threads.ThreadPoolExecutor$Worker.run(ThreadPoolExecutor.java:480) ~[tomcat-embed-core-11.0.15.jar:11.0.15]
	at org.apache.tomcat.util.threads.TaskThread$WrappingRunnable.run(TaskThread.java:57) ~[tomcat-embed-core-11.0.15.jar:11.0.15]
	at java.base/java.lang.Thread.run(Thread.java:1474) ~[na:na]

2026-02-01 07:06:36.891  INFO 42446 --- [multi-tenant-saas-starter-template] [SpringApplicationShutdownHook] o.s.boot.tomcat.GracefulShutdown         : Commencing graceful shutdown. Waiting for active requests to complete
2026-02-01 07:06:36.903  INFO 42446 --- [multi-tenant-saas-starter-template] [tomcat-shutdown] o.s.boot.tomcat.GracefulShutdown         : Graceful shutdown complete
2026-02-01 07:06:36.913  INFO 42446 --- [multi-tenant-saas-starter-template] [SpringApplicationShutdownHook] j.LocalContainerEntityManagerFactoryBean : Closing JPA EntityManagerFactory for persistence unit 'default'
2026-02-01 07:06:36.916  INFO 42446 --- [multi-tenant-saas-starter-template] [SpringApplicationShutdownHook] com.zaxxer.hikari.HikariDataSource       : SaaS-HikariCP - Shutdown initiated...
2026-02-01 07:06:36.918  INFO 42446 --- [multi-tenant-saas-starter-template] [SpringApplicationShutdownHook] com.zaxxer.hikari.HikariDataSource       : SaaS-HikariCP - Shutdown completed.
2026-02-01 07:06:40.013  INFO 43942 --- [multi-tenant-saas-starter-template] [main] ultiTenantSaasStarterTemplateApplication : Starting MultiTenantSaasStarterTemplateApplication using Java 25.0.1 with PID 43942 (/Users/mac/Desktop/Personal Java Template/multi-tenant-saas-starter-template/target/classes started by mac in /Users/mac/Desktop/Personal Java Template/multi-tenant-saas-starter-template)
2026-02-01 07:06:40.017  INFO 43942 --- [multi-tenant-saas-starter-template] [main] ultiTenantSaasStarterTemplateApplication : No active profile set, falling back to 1 default profile: "default"
2026-02-01 07:06:40.936  WARN 43942 --- [multi-tenant-saas-starter-template] [main] ConfigServletWebServerApplicationContext : Exception encountered during context initialization - cancelling refresh attempt: java.lang.IllegalStateException: Error processing condition on org.springframework.boot.autoconfigure.context.PropertyPlaceholderAutoConfiguration.propertySourcesPlaceholderConfigurer
2026-02-01 07:06:40.943  INFO 43942 --- [multi-tenant-saas-starter-template] [main] .s.b.a.l.ConditionEvaluationReportLogger : 

Error starting ApplicationContext. To display the condition evaluation report re-run your application with 'debug' enabled.
2026-02-01 07:06:40.962 ERROR 43942 --- [multi-tenant-saas-starter-template] [main] o.s.boot.SpringApplication               : Application run failed

java.lang.IllegalStateException: Error processing condition on org.springframework.boot.autoconfigure.context.PropertyPlaceholderAutoConfiguration.propertySourcesPlaceholderConfigurer
	at org.springframework.boot.autoconfigure.condition.SpringBootCondition.matches(SpringBootCondition.java:60) ~[spring-boot-autoconfigure-4.0.1.jar:4.0.1]
	at org.springframework.context.annotation.ConditionEvaluator.shouldSkip(ConditionEvaluator.java:100) ~[spring-context-7.0.2.jar:7.0.2]
	at org.springframework.context.annotation.ConfigurationClassBeanDefinitionReader.loadBeanDefinitionsForBeanMethod(ConfigurationClassBeanDefinitionReader.java:196) ~[spring-context-7.0.2.jar:7.0.2]
	at org.springframework.context.annotation.ConfigurationClassBeanDefinitionReader.loadBeanDefinitionsForConfigurationClass(ConfigurationClassBeanDefinitionReader.java:148) ~[spring-context-7.0.2.jar:7.0.2]
	at org.springframework.context.annotation.ConfigurationClassBeanDefinitionReader.loadBeanDefinitions(ConfigurationClassBeanDefinitionReader.java:124) ~[spring-context-7.0.2.jar:7.0.2]
	at org.springframework.context.annotation.ConfigurationClassPostProcessor.processConfigBeanDefinitions(ConfigurationClassPostProcessor.java:458) ~[spring-context-7.0.2.jar:7.0.2]
	at org.springframework.context.annotation.ConfigurationClassPostProcessor.postProcessBeanDefinitionRegistry(ConfigurationClassPostProcessor.java:310) ~[spring-context-7.0.2.jar:7.0.2]
	at org.springframework.context.support.PostProcessorRegistrationDelegate.invokeBeanDefinitionRegistryPostProcessors(PostProcessorRegistrationDelegate.java:349) ~[spring-context-7.0.2.jar:7.0.2]
	at org.springframework.context.support.PostProcessorRegistrationDelegate.invokeBeanFactoryPostProcessors(PostProcessorRegistrationDelegate.java:118) ~[spring-context-7.0.2.jar:7.0.2]
	at org.springframework.context.support.AbstractApplicationContext.invokeBeanFactoryPostProcessors(AbstractApplicationContext.java:794) ~[spring-context-7.0.2.jar:7.0.2]
	at org.springframework.context.support.AbstractApplicationContext.refresh(AbstractApplicationContext.java:602) ~[spring-context-7.0.2.jar:7.0.2]
	at org.springframework.boot.web.server.servlet.context.ServletWebServerApplicationContext.refresh(ServletWebServerApplicationContext.java:143) ~[spring-boot-web-server-4.0.1.jar:4.0.1]
	at org.springframework.boot.SpringApplication.refresh(SpringApplication.java:756) ~[spring-boot-4.0.1.jar:4.0.1]
	at org.springframework.boot.SpringApplication.refreshContext(SpringApplication.java:445) ~[spring-boot-4.0.1.jar:4.0.1]
	at org.springframework.boot.SpringApplication.run(SpringApplication.java:321) ~[spring-boot-4.0.1.jar:4.0.1]
	at org.springframework.boot.SpringApplication.run(SpringApplication.java:1365) ~[spring-boot-4.0.1.jar:4.0.1]
	at org.springframework.boot.SpringApplication.run(SpringApplication.java:1354) ~[spring-boot-4.0.1.jar:4.0.1]
	at cloud.norgha.multi_tenant_saas_starter_template.MultiTenantSaasStarterTemplateApplication.main(MultiTenantSaasStarterTemplateApplication.java:12) ~[classes/:na]
Caused by: java.lang.IllegalStateException: Failed to introspect Class [cloud.norgha.multi_tenant_saas_starter_template.multitenancy.security.SecurityConfig] from ClassLoader [jdk.internal.loader.ClassLoaders$AppClassLoader@14dad5dc]
	at org.springframework.util.ReflectionUtils.getDeclaredMethods(ReflectionUtils.java:483) ~[spring-core-7.0.2.jar:7.0.2]
	at org.springframework.util.ReflectionUtils.doWithMethods(ReflectionUtils.java:360) ~[spring-core-7.0.2.jar:7.0.2]
	at org.springframework.util.ReflectionUtils.getUniqueDeclaredMethods(ReflectionUtils.java:417) ~[spring-core-7.0.2.jar:7.0.2]
	at org.springframework.beans.factory.support.AbstractAutowireCapableBeanFactory.lambda$getTypeForFactoryMethod$0(AbstractAutowireCapableBeanFactory.java:750) ~[spring-beans-7.0.2.jar:7.0.2]
	at java.base/java.util.concurrent.ConcurrentHashMap.computeIfAbsent(ConcurrentHashMap.java:1724) ~[na:na]
	at org.springframework.beans.factory.support.AbstractAutowireCapableBeanFactory.getTypeForFactoryMethod(AbstractAutowireCapableBeanFactory.java:749) ~[spring-beans-7.0.2.jar:7.0.2]
	at org.springframework.beans.factory.support.AbstractAutowireCapableBeanFactory.determineTargetType(AbstractAutowireCapableBeanFactory.java:683) ~[spring-beans-7.0.2.jar:7.0.2]
	at org.springframework.beans.factory.support.AbstractAutowireCapableBeanFactory.predictBeanType(AbstractAutowireCapableBeanFactory.java:655) ~[spring-beans-7.0.2.jar:7.0.2]
	at org.springframework.beans.factory.support.AbstractBeanFactory.isFactoryBean(AbstractBeanFactory.java:1699) ~[spring-beans-7.0.2.jar:7.0.2]
	at org.springframework.beans.factory.support.DefaultListableBeanFactory.doGetBeanNamesForType(DefaultListableBeanFactory.java:632) ~[spring-beans-7.0.2.jar:7.0.2]
	at org.springframework.beans.factory.support.DefaultListableBeanFactory.getBeanNamesForType(DefaultListableBeanFactory.java:604) ~[spring-beans-7.0.2.jar:7.0.2]
	at org.springframework.beans.factory.support.DefaultListableBeanFactory.getBeanNamesForType(DefaultListableBeanFactory.java:589) ~[spring-beans-7.0.2.jar:7.0.2]
	at org.springframework.boot.autoconfigure.condition.OnBeanCondition.collectBeanDefinitionsForType(OnBeanCondition.java:331) ~[spring-boot-autoconfigure-4.0.1.jar:4.0.1]
	at org.springframework.boot.autoconfigure.condition.OnBeanCondition.getBeanDefinitionsForType(OnBeanCondition.java:323) ~[spring-boot-autoconfigure-4.0.1.jar:4.0.1]
	at org.springframework.boot.autoconfigure.condition.OnBeanCondition.getMatchingBeans(OnBeanCondition.java:221) ~[spring-boot-autoconfigure-4.0.1.jar:4.0.1]
	at org.springframework.boot.autoconfigure.condition.OnBeanCondition.evaluateConditionalOnMissingBean(OnBeanCondition.java:204) ~[spring-boot-autoconfigure-4.0.1.jar:4.0.1]
	at org.springframework.boot.autoconfigure.condition.OnBeanCondition.getMatchOutcome(OnBeanCondition.java:149) ~[spring-boot-autoconfigure-4.0.1.jar:4.0.1]
	at org.springframework.boot.autoconfigure.condition.SpringBootCondition.matches(SpringBootCondition.java:47) ~[spring-boot-autoconfigure-4.0.1.jar:4.0.1]
	... 17 common frames omitted
Caused by: java.lang.NoClassDefFoundError: JwtTokenService
	at java.base/java.lang.Class.getDeclaredMethods0(Native Method) ~[na:na]
	at java.base/java.lang.Class.privateGetDeclaredMethods(Class.java:3010) ~[na:na]
	at java.base/java.lang.Class.getDeclaredMethods(Class.java:2329) ~[na:na]
	at org.springframework.util.ReflectionUtils.getDeclaredMethods(ReflectionUtils.java:465) ~[spring-core-7.0.2.jar:7.0.2]
	... 34 common frames omitted
Caused by: java.lang.ClassNotFoundException: JwtTokenService
	at java.base/jdk.internal.loader.BuiltinClassLoader.loadClass(BuiltinClassLoader.java:580) ~[na:na]
	at java.base/java.lang.ClassLoader.loadClass(ClassLoader.java:490) ~[na:na]
	... 38 common frames omitted

2026-02-01 07:07:08.074  INFO 43981 --- [multi-tenant-saas-starter-template] [main] ultiTenantSaasStarterTemplateApplication : Starting MultiTenantSaasStarterTemplateApplication using Java 25.0.1 with PID 43981 (/Users/mac/Desktop/Personal Java Template/multi-tenant-saas-starter-template/target/classes started by mac in /Users/mac/Desktop/Personal Java Template/multi-tenant-saas-starter-template)
2026-02-01 07:07:08.078  INFO 43981 --- [multi-tenant-saas-starter-template] [main] ultiTenantSaasStarterTemplateApplication : No active profile set, falling back to 1 default profile: "default"
2026-02-01 07:07:09.044  WARN 43981 --- [multi-tenant-saas-starter-template] [main] ConfigServletWebServerApplicationContext : Exception encountered during context initialization - cancelling refresh attempt: java.lang.IllegalStateException: Error processing condition on org.springframework.boot.autoconfigure.context.PropertyPlaceholderAutoConfiguration.propertySourcesPlaceholderConfigurer
2026-02-01 07:07:09.052  INFO 43981 --- [multi-tenant-saas-starter-template] [main] .s.b.a.l.ConditionEvaluationReportLogger : 

Error starting ApplicationContext. To display the condition evaluation report re-run your application with 'debug' enabled.
2026-02-01 07:07:09.072 ERROR 43981 --- [multi-tenant-saas-starter-template] [main] o.s.boot.SpringApplication               : Application run failed

java.lang.IllegalStateException: Error processing condition on org.springframework.boot.autoconfigure.context.PropertyPlaceholderAutoConfiguration.propertySourcesPlaceholderConfigurer
	at org.springframework.boot.autoconfigure.condition.SpringBootCondition.matches(SpringBootCondition.java:60) ~[spring-boot-autoconfigure-4.0.1.jar:4.0.1]
	at org.springframework.context.annotation.ConditionEvaluator.shouldSkip(ConditionEvaluator.java:100) ~[spring-context-7.0.2.jar:7.0.2]
	at org.springframework.context.annotation.ConfigurationClassBeanDefinitionReader.loadBeanDefinitionsForBeanMethod(ConfigurationClassBeanDefinitionReader.java:196) ~[spring-context-7.0.2.jar:7.0.2]
	at org.springframework.context.annotation.ConfigurationClassBeanDefinitionReader.loadBeanDefinitionsForConfigurationClass(ConfigurationClassBeanDefinitionReader.java:148) ~[spring-context-7.0.2.jar:7.0.2]
	at org.springframework.context.annotation.ConfigurationClassBeanDefinitionReader.loadBeanDefinitions(ConfigurationClassBeanDefinitionReader.java:124) ~[spring-context-7.0.2.jar:7.0.2]
	at org.springframework.context.annotation.ConfigurationClassPostProcessor.processConfigBeanDefinitions(ConfigurationClassPostProcessor.java:458) ~[spring-context-7.0.2.jar:7.0.2]
	at org.springframework.context.annotation.ConfigurationClassPostProcessor.postProcessBeanDefinitionRegistry(ConfigurationClassPostProcessor.java:310) ~[spring-context-7.0.2.jar:7.0.2]
	at org.springframework.context.support.PostProcessorRegistrationDelegate.invokeBeanDefinitionRegistryPostProcessors(PostProcessorRegistrationDelegate.java:349) ~[spring-context-7.0.2.jar:7.0.2]
	at org.springframework.context.support.PostProcessorRegistrationDelegate.invokeBeanFactoryPostProcessors(PostProcessorRegistrationDelegate.java:118) ~[spring-context-7.0.2.jar:7.0.2]
	at org.springframework.context.support.AbstractApplicationContext.invokeBeanFactoryPostProcessors(AbstractApplicationContext.java:794) ~[spring-context-7.0.2.jar:7.0.2]
	at org.springframework.context.support.AbstractApplicationContext.refresh(AbstractApplicationContext.java:602) ~[spring-context-7.0.2.jar:7.0.2]
	at org.springframework.boot.web.server.servlet.context.ServletWebServerApplicationContext.refresh(ServletWebServerApplicationContext.java:143) ~[spring-boot-web-server-4.0.1.jar:4.0.1]
	at org.springframework.boot.SpringApplication.refresh(SpringApplication.java:756) ~[spring-boot-4.0.1.jar:4.0.1]
	at org.springframework.boot.SpringApplication.refreshContext(SpringApplication.java:445) ~[spring-boot-4.0.1.jar:4.0.1]
	at org.springframework.boot.SpringApplication.run(SpringApplication.java:321) ~[spring-boot-4.0.1.jar:4.0.1]
	at org.springframework.boot.SpringApplication.run(SpringApplication.java:1365) ~[spring-boot-4.0.1.jar:4.0.1]
	at org.springframework.boot.SpringApplication.run(SpringApplication.java:1354) ~[spring-boot-4.0.1.jar:4.0.1]
	at cloud.norgha.multi_tenant_saas_starter_template.MultiTenantSaasStarterTemplateApplication.main(MultiTenantSaasStarterTemplateApplication.java:12) ~[classes/:na]
Caused by: java.lang.IllegalStateException: Failed to introspect Class [cloud.norgha.multi_tenant_saas_starter_template.multitenancy.security.SecurityConfig] from ClassLoader [jdk.internal.loader.ClassLoaders$AppClassLoader@14dad5dc]
	at org.springframework.util.ReflectionUtils.getDeclaredMethods(ReflectionUtils.java:483) ~[spring-core-7.0.2.jar:7.0.2]
	at org.springframework.util.ReflectionUtils.doWithMethods(ReflectionUtils.java:360) ~[spring-core-7.0.2.jar:7.0.2]
	at org.springframework.util.ReflectionUtils.getUniqueDeclaredMethods(ReflectionUtils.java:417) ~[spring-core-7.0.2.jar:7.0.2]
	at org.springframework.beans.factory.support.AbstractAutowireCapableBeanFactory.lambda$getTypeForFactoryMethod$0(AbstractAutowireCapableBeanFactory.java:750) ~[spring-beans-7.0.2.jar:7.0.2]
	at java.base/java.util.concurrent.ConcurrentHashMap.computeIfAbsent(ConcurrentHashMap.java:1756) ~[na:na]
	at org.springframework.beans.factory.support.AbstractAutowireCapableBeanFactory.getTypeForFactoryMethod(AbstractAutowireCapableBeanFactory.java:749) ~[spring-beans-7.0.2.jar:7.0.2]
	at org.springframework.beans.factory.support.AbstractAutowireCapableBeanFactory.determineTargetType(AbstractAutowireCapableBeanFactory.java:683) ~[spring-beans-7.0.2.jar:7.0.2]
	at org.springframework.beans.factory.support.AbstractAutowireCapableBeanFactory.predictBeanType(AbstractAutowireCapableBeanFactory.java:655) ~[spring-beans-7.0.2.jar:7.0.2]
	at org.springframework.beans.factory.support.AbstractBeanFactory.isFactoryBean(AbstractBeanFactory.java:1699) ~[spring-beans-7.0.2.jar:7.0.2]
	at org.springframework.beans.factory.support.DefaultListableBeanFactory.doGetBeanNamesForType(DefaultListableBeanFactory.java:632) ~[spring-beans-7.0.2.jar:7.0.2]
	at org.springframework.beans.factory.support.DefaultListableBeanFactory.getBeanNamesForType(DefaultListableBeanFactory.java:604) ~[spring-beans-7.0.2.jar:7.0.2]
	at org.springframework.beans.factory.support.DefaultListableBeanFactory.getBeanNamesForType(DefaultListableBeanFactory.java:589) ~[spring-beans-7.0.2.jar:7.0.2]
	at org.springframework.boot.autoconfigure.condition.OnBeanCondition.collectBeanDefinitionsForType(OnBeanCondition.java:331) ~[spring-boot-autoconfigure-4.0.1.jar:4.0.1]
	at org.springframework.boot.autoconfigure.condition.OnBeanCondition.getBeanDefinitionsForType(OnBeanCondition.java:323) ~[spring-boot-autoconfigure-4.0.1.jar:4.0.1]
	at org.springframework.boot.autoconfigure.condition.OnBeanCondition.getMatchingBeans(OnBeanCondition.java:221) ~[spring-boot-autoconfigure-4.0.1.jar:4.0.1]
	at org.springframework.boot.autoconfigure.condition.OnBeanCondition.evaluateConditionalOnMissingBean(OnBeanCondition.java:204) ~[spring-boot-autoconfigure-4.0.1.jar:4.0.1]
	at org.springframework.boot.autoconfigure.condition.OnBeanCondition.getMatchOutcome(OnBeanCondition.java:149) ~[spring-boot-autoconfigure-4.0.1.jar:4.0.1]
	at org.springframework.boot.autoconfigure.condition.SpringBootCondition.matches(SpringBootCondition.java:47) ~[spring-boot-autoconfigure-4.0.1.jar:4.0.1]
	... 17 common frames omitted
Caused by: java.lang.NoClassDefFoundError: JwtTokenService
	at java.base/java.lang.Class.getDeclaredMethods0(Native Method) ~[na:na]
	at java.base/java.lang.Class.privateGetDeclaredMethods(Class.java:3010) ~[na:na]
	at java.base/java.lang.Class.getDeclaredMethods(Class.java:2329) ~[na:na]
	at org.springframework.util.ReflectionUtils.getDeclaredMethods(ReflectionUtils.java:465) ~[spring-core-7.0.2.jar:7.0.2]
	... 34 common frames omitted
Caused by: java.lang.ClassNotFoundException: JwtTokenService
	at java.base/jdk.internal.loader.BuiltinClassLoader.loadClass(BuiltinClassLoader.java:580) ~[na:na]
	at java.base/java.lang.ClassLoader.loadClass(ClassLoader.java:490) ~[na:na]
	... 38 common frames omitted

2026-02-01 07:09:05.078  INFO 44557 --- [multi-tenant-saas-starter-template] [main] ultiTenantSaasStarterTemplateApplication : Starting MultiTenantSaasStarterTemplateApplication using Java 25.0.1 with PID 44557 (/Users/mac/Desktop/Personal Java Template/multi-tenant-saas-starter-template/target/classes started by mac in /Users/mac/Desktop/Personal Java Template/multi-tenant-saas-starter-template)
2026-02-01 07:09:05.089  INFO 44557 --- [multi-tenant-saas-starter-template] [main] ultiTenantSaasStarterTemplateApplication : No active profile set, falling back to 1 default profile: "default"
2026-02-01 07:09:08.886  INFO 44557 --- [multi-tenant-saas-starter-template] [main] .s.d.r.c.RepositoryConfigurationDelegate : Bootstrapping Spring Data JPA repositories in DEFAULT mode.
2026-02-01 07:09:09.214  INFO 44557 --- [multi-tenant-saas-starter-template] [main] .s.d.r.c.RepositoryConfigurationDelegate : Finished Spring Data repository scanning in 296 ms. Found 5 JPA repository interfaces.
2026-02-01 07:09:11.624  INFO 44557 --- [multi-tenant-saas-starter-template] [main] o.s.boot.tomcat.TomcatWebServer          : Tomcat initialized with port 8080 (http)
2026-02-01 07:09:11.673  INFO 44557 --- [multi-tenant-saas-starter-template] [main] o.apache.catalina.core.StandardService   : Starting service [Tomcat]
2026-02-01 07:09:11.674  INFO 44557 --- [multi-tenant-saas-starter-template] [main] o.apache.catalina.core.StandardEngine    : Starting Servlet engine: [Apache Tomcat/11.0.15]
2026-02-01 07:09:11.835  INFO 44557 --- [multi-tenant-saas-starter-template] [main] b.w.c.s.WebApplicationContextInitializer : Root WebApplicationContext: initialization completed in 6577 ms
2026-02-01 07:09:13.024  INFO 44557 --- [multi-tenant-saas-starter-template] [main] com.zaxxer.hikari.HikariDataSource       : SaaS-HikariCP - Starting...
2026-02-01 07:09:13.565  INFO 44557 --- [multi-tenant-saas-starter-template] [main] com.zaxxer.hikari.pool.HikariPool        : SaaS-HikariCP - Added connection org.postgresql.jdbc.PgConnection@55881f40
2026-02-01 07:09:13.569  INFO 44557 --- [multi-tenant-saas-starter-template] [main] com.zaxxer.hikari.HikariDataSource       : SaaS-HikariCP - Start completed.
2026-02-01 07:09:13.685  INFO 44557 --- [multi-tenant-saas-starter-template] [main] org.flywaydb.core.FlywayExecutor         : Database: jdbc:postgresql://localhost:5432/saas_db (PostgreSQL 17.3)
2026-02-01 07:09:13.929  INFO 44557 --- [multi-tenant-saas-starter-template] [main] o.f.core.internal.command.DbValidate     : Successfully validated 9 migrations (execution time 00:00.146s)
2026-02-01 07:09:13.996  INFO 44557 --- [multi-tenant-saas-starter-template] [main] o.f.core.internal.command.DbMigrate      : Current version of schema "public": 9
2026-02-01 07:09:14.011  INFO 44557 --- [multi-tenant-saas-starter-template] [main] o.f.core.internal.command.DbMigrate      : Schema "public" is up to date. No migration necessary.
2026-02-01 07:09:14.382  INFO 44557 --- [multi-tenant-saas-starter-template] [main] org.hibernate.orm.jpa                    : HHH008540: Processing PersistenceUnitInfo [name: default]
2026-02-01 07:09:14.554  INFO 44557 --- [multi-tenant-saas-starter-template] [main] org.hibernate.orm.core                   : HHH000001: Hibernate ORM core version 7.2.0.Final
2026-02-01 07:09:16.122  INFO 44557 --- [multi-tenant-saas-starter-template] [main] o.s.o.j.p.SpringPersistenceUnitInfo      : No LoadTimeWeaver setup: ignoring JPA class transformer
2026-02-01 07:09:16.297  WARN 44557 --- [multi-tenant-saas-starter-template] [main] org.hibernate.orm.deprecation            : HHH90000025: PostgreSQLDialect does not need to be specified explicitly using 'hibernate.dialect' (remove the property setting and it will be selected by default)
2026-02-01 07:09:16.379  INFO 44557 --- [multi-tenant-saas-starter-template] [main] org.hibernate.orm.connections.pooling    : HHH10001005: Database info:
	Database JDBC URL [jdbc:postgresql://localhost:5432/saas_db]
	Database driver: PostgreSQL JDBC Driver
	Database dialect: PostgreSQLDialect
	Database version: 17.3
	Default catalog/schema: saas_db/public
	Autocommit mode: undefined/unknown
	Isolation level: READ_COMMITTED [default READ_COMMITTED]
	JDBC fetch size: none
	Pool: DataSourceConnectionProvider
	Minimum pool size: undefined/unknown
	Maximum pool size: undefined/unknown
2026-02-01 07:09:20.141  INFO 44557 --- [multi-tenant-saas-starter-template] [main] org.hibernate.orm.core                   : HHH000489: No JTA platform available (set 'hibernate.transaction.jta.platform' to enable JTA platform integration)
2026-02-01 07:09:20.326  INFO 44557 --- [multi-tenant-saas-starter-template] [main] j.LocalContainerEntityManagerFactoryBean : Initialized JPA EntityManagerFactory for persistence unit 'default'
2026-02-01 07:09:20.672  INFO 44557 --- [multi-tenant-saas-starter-template] [main] o.s.d.j.r.query.QueryEnhancerFactories   : Hibernate is in classpath; If applicable, HQL parser will be used.
2026-02-01 07:09:21.387  WARN 44557 --- [multi-tenant-saas-starter-template] [main] c.n.m.m.security.SecurityConfig          : WARNING: Using default JWT secret. Set JWT_SECRET env var before deploying to production!
2026-02-01 07:09:23.666  WARN 44557 --- [multi-tenant-saas-starter-template] [main] .s.a.UserDetailsServiceAutoConfiguration : 

Using generated security password: a62c0d66-468f-47d3-bdfb-98bb43844358

This generated password is for development use only. Your security configuration must be updated before running your application in production.

2026-02-01 07:09:23.696  INFO 44557 --- [multi-tenant-saas-starter-template] [main] r$InitializeUserDetailsManagerConfigurer : Global AuthenticationManager configured with UserDetailsService bean with name inMemoryUserDetailsManager
2026-02-01 07:09:26.636  INFO 44557 --- [multi-tenant-saas-starter-template] [main] o.s.boot.tomcat.TomcatWebServer          : Tomcat started on port 8080 (http) with context path '/'
2026-02-01 07:09:26.688  INFO 44557 --- [multi-tenant-saas-starter-template] [main] ultiTenantSaasStarterTemplateApplication : Started MultiTenantSaasStarterTemplateApplication in 23.021 seconds (process running for 25.456)
2026-02-01 07:09:26.696  WARN 44557 --- [multi-tenant-saas-starter-template] [main] o.s.core.events.SpringDocAppInitializer  : SpringDoc /v3/api-docs endpoint is enabled by default. To disable it in production, set the property 'springdoc.api-docs.enabled=false'
2026-02-01 07:09:26.696  WARN 44557 --- [multi-tenant-saas-starter-template] [main] o.s.core.events.SpringDocAppInitializer  : SpringDoc /swagger-ui.html endpoint is enabled by default. To disable it in production, set the property 'springdoc.swagger-ui.enabled=false'
2026-02-01 07:10:12.509  INFO 44557 --- [multi-tenant-saas-starter-template] [http-nio-8080-exec-1] o.a.c.c.C.[Tomcat].[localhost].[/]       : Initializing Spring DispatcherServlet 'dispatcherServlet'
2026-02-01 07:10:12.510  INFO 44557 --- [multi-tenant-saas-starter-template] [http-nio-8080-exec-1] o.s.web.servlet.DispatcherServlet        : Initializing Servlet 'dispatcherServlet'
2026-02-01 07:10:12.518  INFO 44557 --- [multi-tenant-saas-starter-template] [http-nio-8080-exec-1] o.s.web.servlet.DispatcherServlet        : Completed initialization in 7 ms
2026-02-01 07:10:15.901  INFO 44557 --- [multi-tenant-saas-starter-template] [http-nio-8080-exec-9] o.springdoc.api.AbstractOpenApiResource  : Init duration for springdoc-openapi is: 1563 ms
2026-02-01 07:12:07.748 ERROR 44557 --- [multi-tenant-saas-starter-template] [http-nio-8080-exec-4] c.n.m.i.e.GlobalExceptionHandler         : Unhandled exception: 

org.springframework.web.servlet.resource.NoResourceFoundException: No static resource actuator/health for request '/actuator/health'.
	at org.springframework.web.servlet.resource.ResourceHttpRequestHandler.handleRequest(ResourceHttpRequestHandler.java:527) ~[spring-webmvc-7.0.2.jar:7.0.2]
	at org.springframework.web.servlet.mvc.HttpRequestHandlerAdapter.handle(HttpRequestHandlerAdapter.java:50) ~[spring-webmvc-7.0.2.jar:7.0.2]
	at org.springframework.web.servlet.DispatcherServlet.doDispatch(DispatcherServlet.java:963) ~[spring-webmvc-7.0.2.jar:7.0.2]
	at org.springframework.web.servlet.DispatcherServlet.doService(DispatcherServlet.java:866) ~[spring-webmvc-7.0.2.jar:7.0.2]
	at org.springframework.web.servlet.FrameworkServlet.processRequest(FrameworkServlet.java:1003) ~[spring-webmvc-7.0.2.jar:7.0.2]
	at org.springframework.web.servlet.FrameworkServlet.doGet(FrameworkServlet.java:892) ~[spring-webmvc-7.0.2.jar:7.0.2]
	at jakarta.servlet.http.HttpServlet.service(HttpServlet.java:622) ~[tomcat-embed-core-11.0.15.jar:6.1]
	at org.springframework.web.servlet.FrameworkServlet.service(FrameworkServlet.java:874) ~[spring-webmvc-7.0.2.jar:7.0.2]
	at jakarta.servlet.http.HttpServlet.service(HttpServlet.java:710) ~[tomcat-embed-core-11.0.15.jar:6.1]
	at org.apache.catalina.core.ApplicationFilterChain.doFilter(ApplicationFilterChain.java:128) ~[tomcat-embed-core-11.0.15.jar:11.0.15]
	at org.apache.tomcat.websocket.server.WsFilter.doFilter(WsFilter.java:53) ~[tomcat-embed-websocket-11.0.15.jar:11.0.15]
	at org.apache.catalina.core.ApplicationFilterChain.doFilter(ApplicationFilterChain.java:107) ~[tomcat-embed-core-11.0.15.jar:11.0.15]
	at org.springframework.web.filter.OncePerRequestFilter.doFilter(OncePerRequestFilter.java:101) ~[spring-web-7.0.2.jar:7.0.2]
	at org.apache.catalina.core.ApplicationFilterChain.doFilter(ApplicationFilterChain.java:107) ~[tomcat-embed-core-11.0.15.jar:11.0.15]
	at org.springframework.web.filter.OncePerRequestFilter.doFilter(OncePerRequestFilter.java:110) ~[spring-web-7.0.2.jar:7.0.2]
	at org.apache.catalina.core.ApplicationFilterChain.doFilter(ApplicationFilterChain.java:107) ~[tomcat-embed-core-11.0.15.jar:11.0.15]
	at org.springframework.web.filter.OncePerRequestFilter.doFilter(OncePerRequestFilter.java:101) ~[spring-web-7.0.2.jar:7.0.2]
	at org.apache.catalina.core.ApplicationFilterChain.doFilter(ApplicationFilterChain.java:107) ~[tomcat-embed-core-11.0.15.jar:11.0.15]
	at org.springframework.web.filter.OncePerRequestFilter.doFilter(OncePerRequestFilter.java:101) ~[spring-web-7.0.2.jar:7.0.2]
	at org.apache.catalina.core.ApplicationFilterChain.doFilter(ApplicationFilterChain.java:107) ~[tomcat-embed-core-11.0.15.jar:11.0.15]
	at org.springframework.web.filter.CompositeFilter$VirtualFilterChain.doFilter(CompositeFilter.java:108) ~[spring-web-7.0.2.jar:7.0.2]
	at org.springframework.security.web.FilterChainProxy.lambda$doFilterInternal$3(FilterChainProxy.java:235) ~[spring-security-web-7.0.2.jar:7.0.2]
	at org.springframework.security.web.FilterChainProxy$VirtualFilterChain.doFilter(FilterChainProxy.java:371) ~[spring-security-web-7.0.2.jar:7.0.2]
	at org.springframework.security.web.access.intercept.AuthorizationFilter.doFilter(AuthorizationFilter.java:101) ~[spring-security-web-7.0.2.jar:7.0.2]
	at org.springframework.security.web.FilterChainProxy$VirtualFilterChain.doFilter(FilterChainProxy.java:380) ~[spring-security-web-7.0.2.jar:7.0.2]
	at org.springframework.security.web.access.ExceptionTranslationFilter.doFilter(ExceptionTranslationFilter.java:126) ~[spring-security-web-7.0.2.jar:7.0.2]
	at org.springframework.security.web.access.ExceptionTranslationFilter.doFilter(ExceptionTranslationFilter.java:120) ~[spring-security-web-7.0.2.jar:7.0.2]
	at org.springframework.security.web.FilterChainProxy$VirtualFilterChain.doFilter(FilterChainProxy.java:380) ~[spring-security-web-7.0.2.jar:7.0.2]
	at org.springframework.security.web.session.SessionManagementFilter.doFilter(SessionManagementFilter.java:132) ~[spring-security-web-7.0.2.jar:7.0.2]
	at org.springframework.security.web.session.SessionManagementFilter.doFilter(SessionManagementFilter.java:86) ~[spring-security-web-7.0.2.jar:7.0.2]
	at org.springframework.security.web.FilterChainProxy$VirtualFilterChain.doFilter(FilterChainProxy.java:380) ~[spring-security-web-7.0.2.jar:7.0.2]
	at org.springframework.security.web.authentication.AnonymousAuthenticationFilter.doFilter(AnonymousAuthenticationFilter.java:100) ~[spring-security-web-7.0.2.jar:7.0.2]
	at org.springframework.security.web.FilterChainProxy$VirtualFilterChain.doFilter(FilterChainProxy.java:380) ~[spring-security-web-7.0.2.jar:7.0.2]
	at org.springframework.security.web.servletapi.SecurityContextHolderAwareRequestFilter.doFilter(SecurityContextHolderAwareRequestFilter.java:181) ~[spring-security-web-7.0.2.jar:7.0.2]
	at org.springframework.security.web.FilterChainProxy$VirtualFilterChain.doFilter(FilterChainProxy.java:380) ~[spring-security-web-7.0.2.jar:7.0.2]
	at org.springframework.security.web.savedrequest.RequestCacheAwareFilter.doFilter(RequestCacheAwareFilter.java:63) ~[spring-security-web-7.0.2.jar:7.0.2]
	at org.springframework.security.web.FilterChainProxy$VirtualFilterChain.doFilter(FilterChainProxy.java:380) ~[spring-security-web-7.0.2.jar:7.0.2]
	at cloud.norgha.multi_tenant_saas_starter_template.multitenancy.security.JwtAuthenticationFilter.doFilterInternal(JwtAuthenticationFilter.java:47) ~[classes/:na]
	at org.springframework.web.filter.OncePerRequestFilter.doFilter(OncePerRequestFilter.java:116) ~[spring-web-7.0.2.jar:7.0.2]
	at org.springframework.security.web.FilterChainProxy$VirtualFilterChain.doFilter(FilterChainProxy.java:380) ~[spring-security-web-7.0.2.jar:7.0.2]
	at org.springframework.web.filter.OncePerRequestFilter.doFilter(OncePerRequestFilter.java:101) ~[spring-web-7.0.2.jar:7.0.2]
	at org.springframework.security.web.FilterChainProxy$VirtualFilterChain.doFilter(FilterChainProxy.java:380) ~[spring-security-web-7.0.2.jar:7.0.2]
	at org.springframework.web.filter.OncePerRequestFilter.doFilter(OncePerRequestFilter.java:101) ~[spring-web-7.0.2.jar:7.0.2]
	at org.springframework.security.web.FilterChainProxy$VirtualFilterChain.doFilter(FilterChainProxy.java:380) ~[spring-security-web-7.0.2.jar:7.0.2]
	at org.springframework.web.filter.OncePerRequestFilter.doFilter(OncePerRequestFilter.java:101) ~[spring-web-7.0.2.jar:7.0.2]
	at org.springframework.security.web.FilterChainProxy$VirtualFilterChain.doFilter(FilterChainProxy.java:380) ~[spring-security-web-7.0.2.jar:7.0.2]
	at org.springframework.security.web.authentication.logout.LogoutFilter.doFilter(LogoutFilter.java:110) ~[spring-security-web-7.0.2.jar:7.0.2]
	at org.springframework.security.web.authentication.logout.LogoutFilter.doFilter(LogoutFilter.java:96) ~[spring-security-web-7.0.2.jar:7.0.2]
	at org.springframework.security.web.FilterChainProxy$VirtualFilterChain.doFilter(FilterChainProxy.java:380) ~[spring-security-web-7.0.2.jar:7.0.2]
	at org.springframework.web.filter.CorsFilter.doFilterInternal(CorsFilter.java:91) ~[spring-web-7.0.2.jar:7.0.2]
	at org.springframework.web.filter.OncePerRequestFilter.doFilter(OncePerRequestFilter.java:116) ~[spring-web-7.0.2.jar:7.0.2]
	at org.springframework.security.web.FilterChainProxy$VirtualFilterChain.doFilter(FilterChainProxy.java:380) ~[spring-security-web-7.0.2.jar:7.0.2]
	at org.springframework.security.web.header.HeaderWriterFilter.doHeadersAfter(HeaderWriterFilter.java:90) ~[spring-security-web-7.0.2.jar:7.0.2]
	at org.springframework.security.web.header.HeaderWriterFilter.doFilterInternal(HeaderWriterFilter.java:75) ~[spring-security-web-7.0.2.jar:7.0.2]
	at org.springframework.web.filter.OncePerRequestFilter.doFilter(OncePerRequestFilter.java:116) ~[spring-web-7.0.2.jar:7.0.2]
	at org.springframework.security.web.FilterChainProxy$VirtualFilterChain.doFilter(FilterChainProxy.java:380) ~[spring-security-web-7.0.2.jar:7.0.2]
	at org.springframework.security.web.context.SecurityContextHolderFilter.doFilter(SecurityContextHolderFilter.java:82) ~[spring-security-web-7.0.2.jar:7.0.2]
	at org.springframework.security.web.context.SecurityContextHolderFilter.doFilter(SecurityContextHolderFilter.java:69) ~[spring-security-web-7.0.2.jar:7.0.2]
	at org.springframework.security.web.FilterChainProxy$VirtualFilterChain.doFilter(FilterChainProxy.java:380) ~[spring-security-web-7.0.2.jar:7.0.2]
	at org.springframework.security.web.context.request.async.WebAsyncManagerIntegrationFilter.doFilterInternal(WebAsyncManagerIntegrationFilter.java:62) ~[spring-security-web-7.0.2.jar:7.0.2]
	at org.springframework.web.filter.OncePerRequestFilter.doFilter(OncePerRequestFilter.java:116) ~[spring-web-7.0.2.jar:7.0.2]
	at org.springframework.security.web.FilterChainProxy$VirtualFilterChain.doFilter(FilterChainProxy.java:380) ~[spring-security-web-7.0.2.jar:7.0.2]
	at org.springframework.security.web.session.DisableEncodeUrlFilter.doFilterInternal(DisableEncodeUrlFilter.java:42) ~[spring-security-web-7.0.2.jar:7.0.2]
	at org.springframework.web.filter.OncePerRequestFilter.doFilter(OncePerRequestFilter.java:116) ~[spring-web-7.0.2.jar:7.0.2]
	at org.springframework.security.web.FilterChainProxy$VirtualFilterChain.doFilter(FilterChainProxy.java:380) ~[spring-security-web-7.0.2.jar:7.0.2]
	at org.springframework.security.web.FilterChainProxy.doFilterInternal(FilterChainProxy.java:237) ~[spring-security-web-7.0.2.jar:7.0.2]
	at org.springframework.security.web.FilterChainProxy.doFilter(FilterChainProxy.java:195) ~[spring-security-web-7.0.2.jar:7.0.2]
	at org.springframework.web.filter.CompositeFilter$VirtualFilterChain.doFilter(CompositeFilter.java:113) ~[spring-web-7.0.2.jar:7.0.2]
	at org.springframework.web.filter.ServletRequestPathFilter.doFilter(ServletRequestPathFilter.java:52) ~[spring-web-7.0.2.jar:7.0.2]
	at org.springframework.web.filter.CompositeFilter$VirtualFilterChain.doFilter(CompositeFilter.java:113) ~[spring-web-7.0.2.jar:7.0.2]
	at org.springframework.web.filter.CompositeFilter.doFilter(CompositeFilter.java:74) ~[spring-web-7.0.2.jar:7.0.2]
	at org.springframework.security.config.annotation.web.configuration.WebSecurityConfiguration$CompositeFilterChainProxy.doFilter(WebSecurityConfiguration.java:317) ~[spring-security-config-7.0.2.jar:7.0.2]
	at org.springframework.web.filter.DelegatingFilterProxy.invokeDelegate(DelegatingFilterProxy.java:355) ~[spring-web-7.0.2.jar:7.0.2]
	at org.springframework.web.filter.DelegatingFilterProxy.doFilter(DelegatingFilterProxy.java:272) ~[spring-web-7.0.2.jar:7.0.2]
	at org.apache.catalina.core.ApplicationFilterChain.doFilter(ApplicationFilterChain.java:107) ~[tomcat-embed-core-11.0.15.jar:11.0.15]
	at org.springframework.web.filter.RequestContextFilter.doFilterInternal(RequestContextFilter.java:100) ~[spring-web-7.0.2.jar:7.0.2]
	at org.springframework.web.filter.OncePerRequestFilter.doFilter(OncePerRequestFilter.java:116) ~[spring-web-7.0.2.jar:7.0.2]
	at org.apache.catalina.core.ApplicationFilterChain.doFilter(ApplicationFilterChain.java:107) ~[tomcat-embed-core-11.0.15.jar:11.0.15]
	at org.springframework.web.filter.FormContentFilter.doFilterInternal(FormContentFilter.java:93) ~[spring-web-7.0.2.jar:7.0.2]
	at org.springframework.web.filter.OncePerRequestFilter.doFilter(OncePerRequestFilter.java:116) ~[spring-web-7.0.2.jar:7.0.2]
	at org.apache.catalina.core.ApplicationFilterChain.doFilter(ApplicationFilterChain.java:107) ~[tomcat-embed-core-11.0.15.jar:11.0.15]
	at org.springframework.web.filter.CharacterEncodingFilter.doFilterInternal(CharacterEncodingFilter.java:199) ~[spring-web-7.0.2.jar:7.0.2]
	at org.springframework.web.filter.OncePerRequestFilter.doFilter(OncePerRequestFilter.java:116) ~[spring-web-7.0.2.jar:7.0.2]
	at org.apache.catalina.core.ApplicationFilterChain.doFilter(ApplicationFilterChain.java:107) ~[tomcat-embed-core-11.0.15.jar:11.0.15]
	at org.apache.catalina.core.StandardWrapperValve.invoke(StandardWrapperValve.java:165) ~[tomcat-embed-core-11.0.15.jar:11.0.15]
	at org.apache.catalina.core.StandardContextValve.invoke(StandardContextValve.java:77) ~[tomcat-embed-core-11.0.15.jar:11.0.15]
	at org.apache.catalina.authenticator.AuthenticatorBase.invoke(AuthenticatorBase.java:482) ~[tomcat-embed-core-11.0.15.jar:11.0.15]
	at org.apache.catalina.core.StandardHostValve.invoke(StandardHostValve.java:113) ~[tomcat-embed-core-11.0.15.jar:11.0.15]
	at org.apache.catalina.valves.ErrorReportValve.invoke(ErrorReportValve.java:83) ~[tomcat-embed-core-11.0.15.jar:11.0.15]
	at org.apache.catalina.core.StandardEngineValve.invoke(StandardEngineValve.java:72) ~[tomcat-embed-core-11.0.15.jar:11.0.15]
	at org.apache.catalina.connector.CoyoteAdapter.service(CoyoteAdapter.java:341) ~[tomcat-embed-core-11.0.15.jar:11.0.15]
	at org.apache.coyote.http11.Http11Processor.service(Http11Processor.java:397) ~[tomcat-embed-core-11.0.15.jar:11.0.15]
	at org.apache.coyote.AbstractProcessorLight.process(AbstractProcessorLight.java:63) ~[tomcat-embed-core-11.0.15.jar:11.0.15]
	at org.apache.coyote.AbstractProtocol$ConnectionHandler.process(AbstractProtocol.java:903) ~[tomcat-embed-core-11.0.15.jar:11.0.15]
	at org.apache.tomcat.util.net.NioEndpoint$SocketProcessor.doRun(NioEndpoint.java:1778) ~[tomcat-embed-core-11.0.15.jar:11.0.15]
	at org.apache.tomcat.util.net.SocketProcessorBase.run(SocketProcessorBase.java:52) ~[tomcat-embed-core-11.0.15.jar:11.0.15]
	at org.apache.tomcat.util.threads.ThreadPoolExecutor.runWorker(ThreadPoolExecutor.java:946) ~[tomcat-embed-core-11.0.15.jar:11.0.15]
	at org.apache.tomcat.util.threads.ThreadPoolExecutor$Worker.run(ThreadPoolExecutor.java:480) ~[tomcat-embed-core-11.0.15.jar:11.0.15]
	at org.apache.tomcat.util.threads.TaskThread$WrappingRunnable.run(TaskThread.java:57) ~[tomcat-embed-core-11.0.15.jar:11.0.15]
	at java.base/java.lang.Thread.run(Thread.java:1474) ~[na:na]

2026-02-01 07:12:37.106 ERROR 44557 --- [multi-tenant-saas-starter-template] [http-nio-8080-exec-9] o.a.c.c.C.[.[.[/].[dispatcherServlet]    : Servlet.service() for servlet [dispatcherServlet] in context with path [] threw exception

cloud.norgha.multi_tenant_saas_starter_template.infrastructure.exception.TenantNotFoundException: Tenant not found: tenant1
	at cloud.norgha.multi_tenant_saas_starter_template.multitenancy.tenant.TenantResolver.lambda$validateTenant$0(TenantResolver.java:73) ~[classes/:na]
	at java.base/java.util.Optional.orElseThrow(Optional.java:403) ~[na:na]
	at cloud.norgha.multi_tenant_saas_starter_template.multitenancy.tenant.TenantResolver.validateTenant(TenantResolver.java:73) ~[classes/:na]
	at cloud.norgha.multi_tenant_saas_starter_template.multitenancy.tenant.TenantResolver.resolveTenant(TenantResolver.java:55) ~[classes/:na]
	at java.base/jdk.internal.reflect.DirectMethodHandleAccessor.invoke(DirectMethodHandleAccessor.java:104) ~[na:na]
	at java.base/java.lang.reflect.Method.invoke(Method.java:565) ~[na:na]
	at org.springframework.aop.support.AopUtils.invokeJoinpointUsingReflection(AopUtils.java:359) ~[spring-aop-7.0.2.jar:7.0.2]
	at org.springframework.aop.framework.CglibAopProxy$DynamicAdvisedInterceptor.intercept(CglibAopProxy.java:715) ~[spring-aop-7.0.2.jar:7.0.2]
	at cloud.norgha.multi_tenant_saas_starter_template.multitenancy.tenant.TenantResolver$$SpringCGLIB$$0.resolveTenant(<generated>) ~[classes/:na]
	at cloud.norgha.multi_tenant_saas_starter_template.multitenancy.tenant.TenantFilter.doFilterInternal(TenantFilter.java:50) ~[classes/:na]
	at org.springframework.web.filter.OncePerRequestFilter.doFilter(OncePerRequestFilter.java:116) ~[spring-web-7.0.2.jar:7.0.2]
	at org.springframework.security.web.FilterChainProxy$VirtualFilterChain.doFilter(FilterChainProxy.java:380) ~[spring-security-web-7.0.2.jar:7.0.2]
	at cloud.norgha.multi_tenant_saas_starter_template.multitenancy.security.RateLimitingFilter.doFilterInternal(RateLimitingFilter.java:62) ~[classes/:na]
	at org.springframework.web.filter.OncePerRequestFilter.doFilter(OncePerRequestFilter.java:116) ~[spring-web-7.0.2.jar:7.0.2]
	at org.springframework.security.web.FilterChainProxy$VirtualFilterChain.doFilter(FilterChainProxy.java:380) ~[spring-security-web-7.0.2.jar:7.0.2]
	at org.springframework.security.web.authentication.logout.LogoutFilter.doFilter(LogoutFilter.java:110) ~[spring-security-web-7.0.2.jar:7.0.2]
	at org.springframework.security.web.authentication.logout.LogoutFilter.doFilter(LogoutFilter.java:96) ~[spring-security-web-7.0.2.jar:7.0.2]
	at org.springframework.security.web.FilterChainProxy$VirtualFilterChain.doFilter(FilterChainProxy.java:380) ~[spring-security-web-7.0.2.jar:7.0.2]
	at org.springframework.web.filter.CorsFilter.doFilterInternal(CorsFilter.java:91) ~[spring-web-7.0.2.jar:7.0.2]
	at org.springframework.web.filter.OncePerRequestFilter.doFilter(OncePerRequestFilter.java:116) ~[spring-web-7.0.2.jar:7.0.2]
	at org.springframework.security.web.FilterChainProxy$VirtualFilterChain.doFilter(FilterChainProxy.java:380) ~[spring-security-web-7.0.2.jar:7.0.2]
	at org.springframework.security.web.header.HeaderWriterFilter.doHeadersAfter(HeaderWriterFilter.java:90) ~[spring-security-web-7.0.2.jar:7.0.2]
	at org.springframework.security.web.header.HeaderWriterFilter.doFilterInternal(HeaderWriterFilter.java:75) ~[spring-security-web-7.0.2.jar:7.0.2]
	at org.springframework.web.filter.OncePerRequestFilter.doFilter(OncePerRequestFilter.java:116) ~[spring-web-7.0.2.jar:7.0.2]
	at org.springframework.security.web.FilterChainProxy$VirtualFilterChain.doFilter(FilterChainProxy.java:380) ~[spring-security-web-7.0.2.jar:7.0.2]
	at org.springframework.security.web.context.SecurityContextHolderFilter.doFilter(SecurityContextHolderFilter.java:82) ~[spring-security-web-7.0.2.jar:7.0.2]
	at org.springframework.security.web.context.SecurityContextHolderFilter.doFilter(SecurityContextHolderFilter.java:69) ~[spring-security-web-7.0.2.jar:7.0.2]
	at org.springframework.security.web.FilterChainProxy$VirtualFilterChain.doFilter(FilterChainProxy.java:380) ~[spring-security-web-7.0.2.jar:7.0.2]
	at org.springframework.security.web.context.request.async.WebAsyncManagerIntegrationFilter.doFilterInternal(WebAsyncManagerIntegrationFilter.java:62) ~[spring-security-web-7.0.2.jar:7.0.2]
	at org.springframework.web.filter.OncePerRequestFilter.doFilter(OncePerRequestFilter.java:116) ~[spring-web-7.0.2.jar:7.0.2]
	at org.springframework.security.web.FilterChainProxy$VirtualFilterChain.doFilter(FilterChainProxy.java:380) ~[spring-security-web-7.0.2.jar:7.0.2]
	at org.springframework.security.web.session.DisableEncodeUrlFilter.doFilterInternal(DisableEncodeUrlFilter.java:42) ~[spring-security-web-7.0.2.jar:7.0.2]
	at org.springframework.web.filter.OncePerRequestFilter.doFilter(OncePerRequestFilter.java:116) ~[spring-web-7.0.2.jar:7.0.2]
	at org.springframework.security.web.FilterChainProxy$VirtualFilterChain.doFilter(FilterChainProxy.java:380) ~[spring-security-web-7.0.2.jar:7.0.2]
	at org.springframework.security.web.FilterChainProxy.doFilterInternal(FilterChainProxy.java:237) ~[spring-security-web-7.0.2.jar:7.0.2]
	at org.springframework.security.web.FilterChainProxy.doFilter(FilterChainProxy.java:195) ~[spring-security-web-7.0.2.jar:7.0.2]
	at org.springframework.web.filter.CompositeFilter$VirtualFilterChain.doFilter(CompositeFilter.java:113) ~[spring-web-7.0.2.jar:7.0.2]
	at org.springframework.web.filter.ServletRequestPathFilter.doFilter(ServletRequestPathFilter.java:52) ~[spring-web-7.0.2.jar:7.0.2]
	at org.springframework.web.filter.CompositeFilter$VirtualFilterChain.doFilter(CompositeFilter.java:113) ~[spring-web-7.0.2.jar:7.0.2]
	at org.springframework.web.filter.CompositeFilter.doFilter(CompositeFilter.java:74) ~[spring-web-7.0.2.jar:7.0.2]
	at org.springframework.security.config.annotation.web.configuration.WebSecurityConfiguration$CompositeFilterChainProxy.doFilter(WebSecurityConfiguration.java:317) ~[spring-security-config-7.0.2.jar:7.0.2]
	at org.springframework.web.filter.DelegatingFilterProxy.invokeDelegate(DelegatingFilterProxy.java:355) ~[spring-web-7.0.2.jar:7.0.2]
	at org.springframework.web.filter.DelegatingFilterProxy.doFilter(DelegatingFilterProxy.java:272) ~[spring-web-7.0.2.jar:7.0.2]
	at org.apache.catalina.core.ApplicationFilterChain.doFilter(ApplicationFilterChain.java:107) ~[tomcat-embed-core-11.0.15.jar:11.0.15]
	at org.springframework.web.filter.RequestContextFilter.doFilterInternal(RequestContextFilter.java:100) ~[spring-web-7.0.2.jar:7.0.2]
	at org.springframework.web.filter.OncePerRequestFilter.doFilter(OncePerRequestFilter.java:116) ~[spring-web-7.0.2.jar:7.0.2]
	at org.apache.catalina.core.ApplicationFilterChain.doFilter(ApplicationFilterChain.java:107) ~[tomcat-embed-core-11.0.15.jar:11.0.15]
	at org.springframework.web.filter.FormContentFilter.doFilterInternal(FormContentFilter.java:93) ~[spring-web-7.0.2.jar:7.0.2]
	at org.springframework.web.filter.OncePerRequestFilter.doFilter(OncePerRequestFilter.java:116) ~[spring-web-7.0.2.jar:7.0.2]
	at org.apache.catalina.core.ApplicationFilterChain.doFilter(ApplicationFilterChain.java:107) ~[tomcat-embed-core-11.0.15.jar:11.0.15]
	at org.springframework.web.filter.CharacterEncodingFilter.doFilterInternal(CharacterEncodingFilter.java:199) ~[spring-web-7.0.2.jar:7.0.2]
	at org.springframework.web.filter.OncePerRequestFilter.doFilter(OncePerRequestFilter.java:116) ~[spring-web-7.0.2.jar:7.0.2]
	at org.apache.catalina.core.ApplicationFilterChain.doFilter(ApplicationFilterChain.java:107) ~[tomcat-embed-core-11.0.15.jar:11.0.15]
	at org.apache.catalina.core.StandardWrapperValve.invoke(StandardWrapperValve.java:165) ~[tomcat-embed-core-11.0.15.jar:11.0.15]
	at org.apache.catalina.core.StandardContextValve.invoke(StandardContextValve.java:77) ~[tomcat-embed-core-11.0.15.jar:11.0.15]
	at org.apache.catalina.authenticator.AuthenticatorBase.invoke(AuthenticatorBase.java:482) ~[tomcat-embed-core-11.0.15.jar:11.0.15]
	at org.apache.catalina.core.StandardHostValve.invoke(StandardHostValve.java:113) ~[tomcat-embed-core-11.0.15.jar:11.0.15]
	at org.apache.catalina.valves.ErrorReportValve.invoke(ErrorReportValve.java:83) ~[tomcat-embed-core-11.0.15.jar:11.0.15]
	at org.apache.catalina.core.StandardEngineValve.invoke(StandardEngineValve.java:72) ~[tomcat-embed-core-11.0.15.jar:11.0.15]
	at org.apache.catalina.connector.CoyoteAdapter.service(CoyoteAdapter.java:341) ~[tomcat-embed-core-11.0.15.jar:11.0.15]
	at org.apache.coyote.http11.Http11Processor.service(Http11Processor.java:397) ~[tomcat-embed-core-11.0.15.jar:11.0.15]
	at org.apache.coyote.AbstractProcessorLight.process(AbstractProcessorLight.java:63) ~[tomcat-embed-core-11.0.15.jar:11.0.15]
	at org.apache.coyote.AbstractProtocol$ConnectionHandler.process(AbstractProtocol.java:903) ~[tomcat-embed-core-11.0.15.jar:11.0.15]
	at org.apache.tomcat.util.net.NioEndpoint$SocketProcessor.doRun(NioEndpoint.java:1778) ~[tomcat-embed-core-11.0.15.jar:11.0.15]
	at org.apache.tomcat.util.net.SocketProcessorBase.run(SocketProcessorBase.java:52) ~[tomcat-embed-core-11.0.15.jar:11.0.15]
	at org.apache.tomcat.util.threads.ThreadPoolExecutor.runWorker(ThreadPoolExecutor.java:946) ~[tomcat-embed-core-11.0.15.jar:11.0.15]
	at org.apache.tomcat.util.threads.ThreadPoolExecutor$Worker.run(ThreadPoolExecutor.java:480) ~[tomcat-embed-core-11.0.15.jar:11.0.15]
	at org.apache.tomcat.util.threads.TaskThread$WrappingRunnable.run(TaskThread.java:57) ~[tomcat-embed-core-11.0.15.jar:11.0.15]
	at java.base/java.lang.Thread.run(Thread.java:1474) ~[na:na]

2026-02-01 07:13:03.743 ERROR 44557 --- [multi-tenant-saas-starter-template] [http-nio-8080-exec-3] o.a.c.c.C.[.[.[/].[dispatcherServlet]    : Servlet.service() for servlet [dispatcherServlet] in context with path [] threw exception

cloud.norgha.multi_tenant_saas_starter_template.infrastructure.exception.TenantNotFoundException: Tenant not found: tenant1
	at cloud.norgha.multi_tenant_saas_starter_template.multitenancy.tenant.TenantResolver.lambda$validateTenant$0(TenantResolver.java:73) ~[classes/:na]
	at java.base/java.util.Optional.orElseThrow(Optional.java:403) ~[na:na]
	at cloud.norgha.multi_tenant_saas_starter_template.multitenancy.tenant.TenantResolver.validateTenant(TenantResolver.java:73) ~[classes/:na]
	at cloud.norgha.multi_tenant_saas_starter_template.multitenancy.tenant.TenantResolver.resolveTenant(TenantResolver.java:55) ~[classes/:na]
	at java.base/jdk.internal.reflect.DirectMethodHandleAccessor.invoke(DirectMethodHandleAccessor.java:104) ~[na:na]
	at java.base/java.lang.reflect.Method.invoke(Method.java:565) ~[na:na]
	at org.springframework.aop.support.AopUtils.invokeJoinpointUsingReflection(AopUtils.java:359) ~[spring-aop-7.0.2.jar:7.0.2]
	at org.springframework.aop.framework.CglibAopProxy$DynamicAdvisedInterceptor.intercept(CglibAopProxy.java:715) ~[spring-aop-7.0.2.jar:7.0.2]
	at cloud.norgha.multi_tenant_saas_starter_template.multitenancy.tenant.TenantResolver$$SpringCGLIB$$0.resolveTenant(<generated>) ~[classes/:na]
	at cloud.norgha.multi_tenant_saas_starter_template.multitenancy.tenant.TenantFilter.doFilterInternal(TenantFilter.java:50) ~[classes/:na]
	at org.springframework.web.filter.OncePerRequestFilter.doFilter(OncePerRequestFilter.java:116) ~[spring-web-7.0.2.jar:7.0.2]
	at org.springframework.security.web.FilterChainProxy$VirtualFilterChain.doFilter(FilterChainProxy.java:380) ~[spring-security-web-7.0.2.jar:7.0.2]
	at cloud.norgha.multi_tenant_saas_starter_template.multitenancy.security.RateLimitingFilter.doFilterInternal(RateLimitingFilter.java:62) ~[classes/:na]
	at org.springframework.web.filter.OncePerRequestFilter.doFilter(OncePerRequestFilter.java:116) ~[spring-web-7.0.2.jar:7.0.2]
	at org.springframework.security.web.FilterChainProxy$VirtualFilterChain.doFilter(FilterChainProxy.java:380) ~[spring-security-web-7.0.2.jar:7.0.2]
	at org.springframework.security.web.authentication.logout.LogoutFilter.doFilter(LogoutFilter.java:110) ~[spring-security-web-7.0.2.jar:7.0.2]
	at org.springframework.security.web.authentication.logout.LogoutFilter.doFilter(LogoutFilter.java:96) ~[spring-security-web-7.0.2.jar:7.0.2]
	at org.springframework.security.web.FilterChainProxy$VirtualFilterChain.doFilter(FilterChainProxy.java:380) ~[spring-security-web-7.0.2.jar:7.0.2]
	at org.springframework.web.filter.CorsFilter.doFilterInternal(CorsFilter.java:91) ~[spring-web-7.0.2.jar:7.0.2]
	at org.springframework.web.filter.OncePerRequestFilter.doFilter(OncePerRequestFilter.java:116) ~[spring-web-7.0.2.jar:7.0.2]
	at org.springframework.security.web.FilterChainProxy$VirtualFilterChain.doFilter(FilterChainProxy.java:380) ~[spring-security-web-7.0.2.jar:7.0.2]
	at org.springframework.security.web.header.HeaderWriterFilter.doHeadersAfter(HeaderWriterFilter.java:90) ~[spring-security-web-7.0.2.jar:7.0.2]
	at org.springframework.security.web.header.HeaderWriterFilter.doFilterInternal(HeaderWriterFilter.java:75) ~[spring-security-web-7.0.2.jar:7.0.2]
	at org.springframework.web.filter.OncePerRequestFilter.doFilter(OncePerRequestFilter.java:116) ~[spring-web-7.0.2.jar:7.0.2]
	at org.springframework.security.web.FilterChainProxy$VirtualFilterChain.doFilter(FilterChainProxy.java:380) ~[spring-security-web-7.0.2.jar:7.0.2]
	at org.springframework.security.web.context.SecurityContextHolderFilter.doFilter(SecurityContextHolderFilter.java:82) ~[spring-security-web-7.0.2.jar:7.0.2]
	at org.springframework.security.web.context.SecurityContextHolderFilter.doFilter(SecurityContextHolderFilter.java:69) ~[spring-security-web-7.0.2.jar:7.0.2]
	at org.springframework.security.web.FilterChainProxy$VirtualFilterChain.doFilter(FilterChainProxy.java:380) ~[spring-security-web-7.0.2.jar:7.0.2]
	at org.springframework.security.web.context.request.async.WebAsyncManagerIntegrationFilter.doFilterInternal(WebAsyncManagerIntegrationFilter.java:62) ~[spring-security-web-7.0.2.jar:7.0.2]
	at org.springframework.web.filter.OncePerRequestFilter.doFilter(OncePerRequestFilter.java:116) ~[spring-web-7.0.2.jar:7.0.2]
	at org.springframework.security.web.FilterChainProxy$VirtualFilterChain.doFilter(FilterChainProxy.java:380) ~[spring-security-web-7.0.2.jar:7.0.2]
	at org.springframework.security.web.session.DisableEncodeUrlFilter.doFilterInternal(DisableEncodeUrlFilter.java:42) ~[spring-security-web-7.0.2.jar:7.0.2]
	at org.springframework.web.filter.OncePerRequestFilter.doFilter(OncePerRequestFilter.java:116) ~[spring-web-7.0.2.jar:7.0.2]
	at org.springframework.security.web.FilterChainProxy$VirtualFilterChain.doFilter(FilterChainProxy.java:380) ~[spring-security-web-7.0.2.jar:7.0.2]
	at org.springframework.security.web.FilterChainProxy.doFilterInternal(FilterChainProxy.java:237) ~[spring-security-web-7.0.2.jar:7.0.2]
	at org.springframework.security.web.FilterChainProxy.doFilter(FilterChainProxy.java:195) ~[spring-security-web-7.0.2.jar:7.0.2]
	at org.springframework.web.filter.CompositeFilter$VirtualFilterChain.doFilter(CompositeFilter.java:113) ~[spring-web-7.0.2.jar:7.0.2]
	at org.springframework.web.filter.ServletRequestPathFilter.doFilter(ServletRequestPathFilter.java:52) ~[spring-web-7.0.2.jar:7.0.2]
	at org.springframework.web.filter.CompositeFilter$VirtualFilterChain.doFilter(CompositeFilter.java:113) ~[spring-web-7.0.2.jar:7.0.2]
	at org.springframework.web.filter.CompositeFilter.doFilter(CompositeFilter.java:74) ~[spring-web-7.0.2.jar:7.0.2]
	at org.springframework.security.config.annotation.web.configuration.WebSecurityConfiguration$CompositeFilterChainProxy.doFilter(WebSecurityConfiguration.java:317) ~[spring-security-config-7.0.2.jar:7.0.2]
	at org.springframework.web.filter.DelegatingFilterProxy.invokeDelegate(DelegatingFilterProxy.java:355) ~[spring-web-7.0.2.jar:7.0.2]
	at org.springframework.web.filter.DelegatingFilterProxy.doFilter(DelegatingFilterProxy.java:272) ~[spring-web-7.0.2.jar:7.0.2]
	at org.apache.catalina.core.ApplicationFilterChain.doFilter(ApplicationFilterChain.java:107) ~[tomcat-embed-core-11.0.15.jar:11.0.15]
	at org.springframework.web.filter.RequestContextFilter.doFilterInternal(RequestContextFilter.java:100) ~[spring-web-7.0.2.jar:7.0.2]
	at org.springframework.web.filter.OncePerRequestFilter.doFilter(OncePerRequestFilter.java:116) ~[spring-web-7.0.2.jar:7.0.2]
	at org.apache.catalina.core.ApplicationFilterChain.doFilter(ApplicationFilterChain.java:107) ~[tomcat-embed-core-11.0.15.jar:11.0.15]
	at org.springframework.web.filter.FormContentFilter.doFilterInternal(FormContentFilter.java:93) ~[spring-web-7.0.2.jar:7.0.2]
	at org.springframework.web.filter.OncePerRequestFilter.doFilter(OncePerRequestFilter.java:116) ~[spring-web-7.0.2.jar:7.0.2]
	at org.apache.catalina.core.ApplicationFilterChain.doFilter(ApplicationFilterChain.java:107) ~[tomcat-embed-core-11.0.15.jar:11.0.15]
	at org.springframework.web.filter.CharacterEncodingFilter.doFilterInternal(CharacterEncodingFilter.java:199) ~[spring-web-7.0.2.jar:7.0.2]
	at org.springframework.web.filter.OncePerRequestFilter.doFilter(OncePerRequestFilter.java:116) ~[spring-web-7.0.2.jar:7.0.2]
	at org.apache.catalina.core.ApplicationFilterChain.doFilter(ApplicationFilterChain.java:107) ~[tomcat-embed-core-11.0.15.jar:11.0.15]
	at org.apache.catalina.core.StandardWrapperValve.invoke(StandardWrapperValve.java:165) ~[tomcat-embed-core-11.0.15.jar:11.0.15]
	at org.apache.catalina.core.StandardContextValve.invoke(StandardContextValve.java:77) ~[tomcat-embed-core-11.0.15.jar:11.0.15]
	at org.apache.catalina.authenticator.AuthenticatorBase.invoke(AuthenticatorBase.java:482) ~[tomcat-embed-core-11.0.15.jar:11.0.15]
	at org.apache.catalina.core.StandardHostValve.invoke(StandardHostValve.java:113) ~[tomcat-embed-core-11.0.15.jar:11.0.15]
	at org.apache.catalina.valves.ErrorReportValve.invoke(ErrorReportValve.java:83) ~[tomcat-embed-core-11.0.15.jar:11.0.15]
	at org.apache.catalina.core.StandardEngineValve.invoke(StandardEngineValve.java:72) ~[tomcat-embed-core-11.0.15.jar:11.0.15]
	at org.apache.catalina.connector.CoyoteAdapter.service(CoyoteAdapter.java:341) ~[tomcat-embed-core-11.0.15.jar:11.0.15]
	at org.apache.coyote.http11.Http11Processor.service(Http11Processor.java:397) ~[tomcat-embed-core-11.0.15.jar:11.0.15]
	at org.apache.coyote.AbstractProcessorLight.process(AbstractProcessorLight.java:63) ~[tomcat-embed-core-11.0.15.jar:11.0.15]
	at org.apache.coyote.AbstractProtocol$ConnectionHandler.process(AbstractProtocol.java:903) ~[tomcat-embed-core-11.0.15.jar:11.0.15]
	at org.apache.tomcat.util.net.NioEndpoint$SocketProcessor.doRun(NioEndpoint.java:1778) ~[tomcat-embed-core-11.0.15.jar:11.0.15]
	at org.apache.tomcat.util.net.SocketProcessorBase.run(SocketProcessorBase.java:52) ~[tomcat-embed-core-11.0.15.jar:11.0.15]
	at org.apache.tomcat.util.threads.ThreadPoolExecutor.runWorker(ThreadPoolExecutor.java:946) ~[tomcat-embed-core-11.0.15.jar:11.0.15]
	at org.apache.tomcat.util.threads.ThreadPoolExecutor$Worker.run(ThreadPoolExecutor.java:480) ~[tomcat-embed-core-11.0.15.jar:11.0.15]
	at org.apache.tomcat.util.threads.TaskThread$WrappingRunnable.run(TaskThread.java:57) ~[tomcat-embed-core-11.0.15.jar:11.0.15]
	at java.base/java.lang.Thread.run(Thread.java:1474) ~[na:na]

2026-02-01 07:16:44.186 ERROR 44557 --- [multi-tenant-saas-starter-template] [http-nio-8080-exec-1] o.a.c.c.C.[.[.[/].[dispatcherServlet]    : Servlet.service() for servlet [dispatcherServlet] in context with path [] threw exception

cloud.norgha.multi_tenant_saas_starter_template.infrastructure.exception.TenantNotFoundException: Tenant not found: tenant1
	at cloud.norgha.multi_tenant_saas_starter_template.multitenancy.tenant.TenantResolver.lambda$validateTenant$0(TenantResolver.java:73) ~[classes/:na]
	at java.base/java.util.Optional.orElseThrow(Optional.java:403) ~[na:na]
	at cloud.norgha.multi_tenant_saas_starter_template.multitenancy.tenant.TenantResolver.validateTenant(TenantResolver.java:73) ~[classes/:na]
	at cloud.norgha.multi_tenant_saas_starter_template.multitenancy.tenant.TenantResolver.resolveTenant(TenantResolver.java:55) ~[classes/:na]
	at java.base/jdk.internal.reflect.DirectMethodHandleAccessor.invoke(DirectMethodHandleAccessor.java:104) ~[na:na]
	at java.base/java.lang.reflect.Method.invoke(Method.java:565) ~[na:na]
	at org.springframework.aop.support.AopUtils.invokeJoinpointUsingReflection(AopUtils.java:359) ~[spring-aop-7.0.2.jar:7.0.2]
	at org.springframework.aop.framework.CglibAopProxy$DynamicAdvisedInterceptor.intercept(CglibAopProxy.java:715) ~[spring-aop-7.0.2.jar:7.0.2]
	at cloud.norgha.multi_tenant_saas_starter_template.multitenancy.tenant.TenantResolver$$SpringCGLIB$$0.resolveTenant(<generated>) ~[classes/:na]
	at cloud.norgha.multi_tenant_saas_starter_template.multitenancy.tenant.TenantFilter.doFilterInternal(TenantFilter.java:50) ~[classes/:na]
	at org.springframework.web.filter.OncePerRequestFilter.doFilter(OncePerRequestFilter.java:116) ~[spring-web-7.0.2.jar:7.0.2]
	at org.springframework.security.web.FilterChainProxy$VirtualFilterChain.doFilter(FilterChainProxy.java:380) ~[spring-security-web-7.0.2.jar:7.0.2]
	at cloud.norgha.multi_tenant_saas_starter_template.multitenancy.security.RateLimitingFilter.doFilterInternal(RateLimitingFilter.java:62) ~[classes/:na]
	at org.springframework.web.filter.OncePerRequestFilter.doFilter(OncePerRequestFilter.java:116) ~[spring-web-7.0.2.jar:7.0.2]
	at org.springframework.security.web.FilterChainProxy$VirtualFilterChain.doFilter(FilterChainProxy.java:380) ~[spring-security-web-7.0.2.jar:7.0.2]
	at org.springframework.security.web.authentication.logout.LogoutFilter.doFilter(LogoutFilter.java:110) ~[spring-security-web-7.0.2.jar:7.0.2]
	at org.springframework.security.web.authentication.logout.LogoutFilter.doFilter(LogoutFilter.java:96) ~[spring-security-web-7.0.2.jar:7.0.2]
	at org.springframework.security.web.FilterChainProxy$VirtualFilterChain.doFilter(FilterChainProxy.java:380) ~[spring-security-web-7.0.2.jar:7.0.2]
	at org.springframework.web.filter.CorsFilter.doFilterInternal(CorsFilter.java:91) ~[spring-web-7.0.2.jar:7.0.2]
	at org.springframework.web.filter.OncePerRequestFilter.doFilter(OncePerRequestFilter.java:116) ~[spring-web-7.0.2.jar:7.0.2]
	at org.springframework.security.web.FilterChainProxy$VirtualFilterChain.doFilter(FilterChainProxy.java:380) ~[spring-security-web-7.0.2.jar:7.0.2]
	at org.springframework.security.web.header.HeaderWriterFilter.doHeadersAfter(HeaderWriterFilter.java:90) ~[spring-security-web-7.0.2.jar:7.0.2]
	at org.springframework.security.web.header.HeaderWriterFilter.doFilterInternal(HeaderWriterFilter.java:75) ~[spring-security-web-7.0.2.jar:7.0.2]
	at org.springframework.web.filter.OncePerRequestFilter.doFilter(OncePerRequestFilter.java:116) ~[spring-web-7.0.2.jar:7.0.2]
	at org.springframework.security.web.FilterChainProxy$VirtualFilterChain.doFilter(FilterChainProxy.java:380) ~[spring-security-web-7.0.2.jar:7.0.2]
	at org.springframework.security.web.context.SecurityContextHolderFilter.doFilter(SecurityContextHolderFilter.java:82) ~[spring-security-web-7.0.2.jar:7.0.2]
	at org.springframework.security.web.context.SecurityContextHolderFilter.doFilter(SecurityContextHolderFilter.java:69) ~[spring-security-web-7.0.2.jar:7.0.2]
	at org.springframework.security.web.FilterChainProxy$VirtualFilterChain.doFilter(FilterChainProxy.java:380) ~[spring-security-web-7.0.2.jar:7.0.2]
	at org.springframework.security.web.context.request.async.WebAsyncManagerIntegrationFilter.doFilterInternal(WebAsyncManagerIntegrationFilter.java:62) ~[spring-security-web-7.0.2.jar:7.0.2]
	at org.springframework.web.filter.OncePerRequestFilter.doFilter(OncePerRequestFilter.java:116) ~[spring-web-7.0.2.jar:7.0.2]
	at org.springframework.security.web.FilterChainProxy$VirtualFilterChain.doFilter(FilterChainProxy.java:380) ~[spring-security-web-7.0.2.jar:7.0.2]
	at org.springframework.security.web.session.DisableEncodeUrlFilter.doFilterInternal(DisableEncodeUrlFilter.java:42) ~[spring-security-web-7.0.2.jar:7.0.2]
	at org.springframework.web.filter.OncePerRequestFilter.doFilter(OncePerRequestFilter.java:116) ~[spring-web-7.0.2.jar:7.0.2]
	at org.springframework.security.web.FilterChainProxy$VirtualFilterChain.doFilter(FilterChainProxy.java:380) ~[spring-security-web-7.0.2.jar:7.0.2]
	at org.springframework.security.web.FilterChainProxy.doFilterInternal(FilterChainProxy.java:237) ~[spring-security-web-7.0.2.jar:7.0.2]
	at org.springframework.security.web.FilterChainProxy.doFilter(FilterChainProxy.java:195) ~[spring-security-web-7.0.2.jar:7.0.2]
	at org.springframework.web.filter.CompositeFilter$VirtualFilterChain.doFilter(CompositeFilter.java:113) ~[spring-web-7.0.2.jar:7.0.2]
	at org.springframework.web.filter.ServletRequestPathFilter.doFilter(ServletRequestPathFilter.java:52) ~[spring-web-7.0.2.jar:7.0.2]
	at org.springframework.web.filter.CompositeFilter$VirtualFilterChain.doFilter(CompositeFilter.java:113) ~[spring-web-7.0.2.jar:7.0.2]
	at org.springframework.web.filter.CompositeFilter.doFilter(CompositeFilter.java:74) ~[spring-web-7.0.2.jar:7.0.2]
	at org.springframework.security.config.annotation.web.configuration.WebSecurityConfiguration$CompositeFilterChainProxy.doFilter(WebSecurityConfiguration.java:317) ~[spring-security-config-7.0.2.jar:7.0.2]
	at org.springframework.web.filter.DelegatingFilterProxy.invokeDelegate(DelegatingFilterProxy.java:355) ~[spring-web-7.0.2.jar:7.0.2]
	at org.springframework.web.filter.DelegatingFilterProxy.doFilter(DelegatingFilterProxy.java:272) ~[spring-web-7.0.2.jar:7.0.2]
	at org.apache.catalina.core.ApplicationFilterChain.doFilter(ApplicationFilterChain.java:107) ~[tomcat-embed-core-11.0.15.jar:11.0.15]
	at org.springframework.web.filter.RequestContextFilter.doFilterInternal(RequestContextFilter.java:100) ~[spring-web-7.0.2.jar:7.0.2]
	at org.springframework.web.filter.OncePerRequestFilter.doFilter(OncePerRequestFilter.java:116) ~[spring-web-7.0.2.jar:7.0.2]
	at org.apache.catalina.core.ApplicationFilterChain.doFilter(ApplicationFilterChain.java:107) ~[tomcat-embed-core-11.0.15.jar:11.0.15]
	at org.springframework.web.filter.FormContentFilter.doFilterInternal(FormContentFilter.java:93) ~[spring-web-7.0.2.jar:7.0.2]
	at org.springframework.web.filter.OncePerRequestFilter.doFilter(OncePerRequestFilter.java:116) ~[spring-web-7.0.2.jar:7.0.2]
	at org.apache.catalina.core.ApplicationFilterChain.doFilter(ApplicationFilterChain.java:107) ~[tomcat-embed-core-11.0.15.jar:11.0.15]
	at org.springframework.web.filter.CharacterEncodingFilter.doFilterInternal(CharacterEncodingFilter.java:199) ~[spring-web-7.0.2.jar:7.0.2]
	at org.springframework.web.filter.OncePerRequestFilter.doFilter(OncePerRequestFilter.java:116) ~[spring-web-7.0.2.jar:7.0.2]
	at org.apache.catalina.core.ApplicationFilterChain.doFilter(ApplicationFilterChain.java:107) ~[tomcat-embed-core-11.0.15.jar:11.0.15]
	at org.apache.catalina.core.StandardWrapperValve.invoke(StandardWrapperValve.java:165) ~[tomcat-embed-core-11.0.15.jar:11.0.15]
	at org.apache.catalina.core.StandardContextValve.invoke(StandardContextValve.java:77) ~[tomcat-embed-core-11.0.15.jar:11.0.15]
	at org.apache.catalina.authenticator.AuthenticatorBase.invoke(AuthenticatorBase.java:482) ~[tomcat-embed-core-11.0.15.jar:11.0.15]
	at org.apache.catalina.core.StandardHostValve.invoke(StandardHostValve.java:113) ~[tomcat-embed-core-11.0.15.jar:11.0.15]
	at org.apache.catalina.valves.ErrorReportValve.invoke(ErrorReportValve.java:83) ~[tomcat-embed-core-11.0.15.jar:11.0.15]
	at org.apache.catalina.core.StandardEngineValve.invoke(StandardEngineValve.java:72) ~[tomcat-embed-core-11.0.15.jar:11.0.15]
	at org.apache.catalina.connector.CoyoteAdapter.service(CoyoteAdapter.java:341) ~[tomcat-embed-core-11.0.15.jar:11.0.15]
	at org.apache.coyote.http11.Http11Processor.service(Http11Processor.java:397) ~[tomcat-embed-core-11.0.15.jar:11.0.15]
	at org.apache.coyote.AbstractProcessorLight.process(AbstractProcessorLight.java:63) ~[tomcat-embed-core-11.0.15.jar:11.0.15]
	at org.apache.coyote.AbstractProtocol$ConnectionHandler.process(AbstractProtocol.java:903) ~[tomcat-embed-core-11.0.15.jar:11.0.15]
	at org.apache.tomcat.util.net.NioEndpoint$SocketProcessor.doRun(NioEndpoint.java:1778) ~[tomcat-embed-core-11.0.15.jar:11.0.15]
	at org.apache.tomcat.util.net.SocketProcessorBase.run(SocketProcessorBase.java:52) ~[tomcat-embed-core-11.0.15.jar:11.0.15]
	at org.apache.tomcat.util.threads.ThreadPoolExecutor.runWorker(ThreadPoolExecutor.java:946) ~[tomcat-embed-core-11.0.15.jar:11.0.15]
	at org.apache.tomcat.util.threads.ThreadPoolExecutor$Worker.run(ThreadPoolExecutor.java:480) ~[tomcat-embed-core-11.0.15.jar:11.0.15]
	at org.apache.tomcat.util.threads.TaskThread$WrappingRunnable.run(TaskThread.java:57) ~[tomcat-embed-core-11.0.15.jar:11.0.15]
	at java.base/java.lang.Thread.run(Thread.java:1474) ~[na:na]

2026-02-01 07:16:44.186 ERROR 44557 --- [multi-tenant-saas-starter-template] [http-nio-8080-exec-7] c.n.m.i.e.GlobalExceptionHandler         : Unhandled exception: 

org.springframework.web.servlet.resource.NoResourceFoundException: No static resource actuator/health for request '/actuator/health'.
	at org.springframework.web.servlet.resource.ResourceHttpRequestHandler.handleRequest(ResourceHttpRequestHandler.java:527) ~[spring-webmvc-7.0.2.jar:7.0.2]
	at org.springframework.web.servlet.mvc.HttpRequestHandlerAdapter.handle(HttpRequestHandlerAdapter.java:50) ~[spring-webmvc-7.0.2.jar:7.0.2]
	at org.springframework.web.servlet.DispatcherServlet.doDispatch(DispatcherServlet.java:963) ~[spring-webmvc-7.0.2.jar:7.0.2]
	at org.springframework.web.servlet.DispatcherServlet.doService(DispatcherServlet.java:866) ~[spring-webmvc-7.0.2.jar:7.0.2]
	at org.springframework.web.servlet.FrameworkServlet.processRequest(FrameworkServlet.java:1003) ~[spring-webmvc-7.0.2.jar:7.0.2]
	at org.springframework.web.servlet.FrameworkServlet.doGet(FrameworkServlet.java:892) ~[spring-webmvc-7.0.2.jar:7.0.2]
	at jakarta.servlet.http.HttpServlet.service(HttpServlet.java:622) ~[tomcat-embed-core-11.0.15.jar:6.1]
	at org.springframework.web.servlet.FrameworkServlet.service(FrameworkServlet.java:874) ~[spring-webmvc-7.0.2.jar:7.0.2]
	at jakarta.servlet.http.HttpServlet.service(HttpServlet.java:710) ~[tomcat-embed-core-11.0.15.jar:6.1]
	at org.apache.catalina.core.ApplicationFilterChain.doFilter(ApplicationFilterChain.java:128) ~[tomcat-embed-core-11.0.15.jar:11.0.15]
	at org.apache.tomcat.websocket.server.WsFilter.doFilter(WsFilter.java:53) ~[tomcat-embed-websocket-11.0.15.jar:11.0.15]
	at org.apache.catalina.core.ApplicationFilterChain.doFilter(ApplicationFilterChain.java:107) ~[tomcat-embed-core-11.0.15.jar:11.0.15]
	at org.springframework.web.filter.OncePerRequestFilter.doFilter(OncePerRequestFilter.java:101) ~[spring-web-7.0.2.jar:7.0.2]
	at org.apache.catalina.core.ApplicationFilterChain.doFilter(ApplicationFilterChain.java:107) ~[tomcat-embed-core-11.0.15.jar:11.0.15]
	at org.springframework.web.filter.OncePerRequestFilter.doFilter(OncePerRequestFilter.java:110) ~[spring-web-7.0.2.jar:7.0.2]
	at org.apache.catalina.core.ApplicationFilterChain.doFilter(ApplicationFilterChain.java:107) ~[tomcat-embed-core-11.0.15.jar:11.0.15]
	at org.springframework.web.filter.OncePerRequestFilter.doFilter(OncePerRequestFilter.java:101) ~[spring-web-7.0.2.jar:7.0.2]
	at org.apache.catalina.core.ApplicationFilterChain.doFilter(ApplicationFilterChain.java:107) ~[tomcat-embed-core-11.0.15.jar:11.0.15]
	at org.springframework.web.filter.OncePerRequestFilter.doFilter(OncePerRequestFilter.java:101) ~[spring-web-7.0.2.jar:7.0.2]
	at org.apache.catalina.core.ApplicationFilterChain.doFilter(ApplicationFilterChain.java:107) ~[tomcat-embed-core-11.0.15.jar:11.0.15]
	at org.springframework.web.filter.CompositeFilter$VirtualFilterChain.doFilter(CompositeFilter.java:108) ~[spring-web-7.0.2.jar:7.0.2]
	at org.springframework.security.web.FilterChainProxy.lambda$doFilterInternal$3(FilterChainProxy.java:235) ~[spring-security-web-7.0.2.jar:7.0.2]
	at org.springframework.security.web.FilterChainProxy$VirtualFilterChain.doFilter(FilterChainProxy.java:371) ~[spring-security-web-7.0.2.jar:7.0.2]
	at org.springframework.security.web.access.intercept.AuthorizationFilter.doFilter(AuthorizationFilter.java:101) ~[spring-security-web-7.0.2.jar:7.0.2]
	at org.springframework.security.web.FilterChainProxy$VirtualFilterChain.doFilter(FilterChainProxy.java:380) ~[spring-security-web-7.0.2.jar:7.0.2]
	at org.springframework.security.web.access.ExceptionTranslationFilter.doFilter(ExceptionTranslationFilter.java:126) ~[spring-security-web-7.0.2.jar:7.0.2]
	at org.springframework.security.web.access.ExceptionTranslationFilter.doFilter(ExceptionTranslationFilter.java:120) ~[spring-security-web-7.0.2.jar:7.0.2]
	at org.springframework.security.web.FilterChainProxy$VirtualFilterChain.doFilter(FilterChainProxy.java:380) ~[spring-security-web-7.0.2.jar:7.0.2]
	at org.springframework.security.web.session.SessionManagementFilter.doFilter(SessionManagementFilter.java:132) ~[spring-security-web-7.0.2.jar:7.0.2]
	at org.springframework.security.web.session.SessionManagementFilter.doFilter(SessionManagementFilter.java:86) ~[spring-security-web-7.0.2.jar:7.0.2]
	at org.springframework.security.web.FilterChainProxy$VirtualFilterChain.doFilter(FilterChainProxy.java:380) ~[spring-security-web-7.0.2.jar:7.0.2]
	at org.springframework.security.web.authentication.AnonymousAuthenticationFilter.doFilter(AnonymousAuthenticationFilter.java:100) ~[spring-security-web-7.0.2.jar:7.0.2]
	at org.springframework.security.web.FilterChainProxy$VirtualFilterChain.doFilter(FilterChainProxy.java:380) ~[spring-security-web-7.0.2.jar:7.0.2]
	at org.springframework.security.web.servletapi.SecurityContextHolderAwareRequestFilter.doFilter(SecurityContextHolderAwareRequestFilter.java:181) ~[spring-security-web-7.0.2.jar:7.0.2]
	at org.springframework.security.web.FilterChainProxy$VirtualFilterChain.doFilter(FilterChainProxy.java:380) ~[spring-security-web-7.0.2.jar:7.0.2]
	at org.springframework.security.web.savedrequest.RequestCacheAwareFilter.doFilter(RequestCacheAwareFilter.java:63) ~[spring-security-web-7.0.2.jar:7.0.2]
	at org.springframework.security.web.FilterChainProxy$VirtualFilterChain.doFilter(FilterChainProxy.java:380) ~[spring-security-web-7.0.2.jar:7.0.2]
	at cloud.norgha.multi_tenant_saas_starter_template.multitenancy.security.JwtAuthenticationFilter.doFilterInternal(JwtAuthenticationFilter.java:47) ~[classes/:na]
	at org.springframework.web.filter.OncePerRequestFilter.doFilter(OncePerRequestFilter.java:116) ~[spring-web-7.0.2.jar:7.0.2]
	at org.springframework.security.web.FilterChainProxy$VirtualFilterChain.doFilter(FilterChainProxy.java:380) ~[spring-security-web-7.0.2.jar:7.0.2]
	at org.springframework.web.filter.OncePerRequestFilter.doFilter(OncePerRequestFilter.java:101) ~[spring-web-7.0.2.jar:7.0.2]
	at org.springframework.security.web.FilterChainProxy$VirtualFilterChain.doFilter(FilterChainProxy.java:380) ~[spring-security-web-7.0.2.jar:7.0.2]
	at org.springframework.web.filter.OncePerRequestFilter.doFilter(OncePerRequestFilter.java:101) ~[spring-web-7.0.2.jar:7.0.2]
	at org.springframework.security.web.FilterChainProxy$VirtualFilterChain.doFilter(FilterChainProxy.java:380) ~[spring-security-web-7.0.2.jar:7.0.2]
	at org.springframework.web.filter.OncePerRequestFilter.doFilter(OncePerRequestFilter.java:101) ~[spring-web-7.0.2.jar:7.0.2]
	at org.springframework.security.web.FilterChainProxy$VirtualFilterChain.doFilter(FilterChainProxy.java:380) ~[spring-security-web-7.0.2.jar:7.0.2]
	at org.springframework.security.web.authentication.logout.LogoutFilter.doFilter(LogoutFilter.java:110) ~[spring-security-web-7.0.2.jar:7.0.2]
	at org.springframework.security.web.authentication.logout.LogoutFilter.doFilter(LogoutFilter.java:96) ~[spring-security-web-7.0.2.jar:7.0.2]
	at org.springframework.security.web.FilterChainProxy$VirtualFilterChain.doFilter(FilterChainProxy.java:380) ~[spring-security-web-7.0.2.jar:7.0.2]
	at org.springframework.web.filter.CorsFilter.doFilterInternal(CorsFilter.java:91) ~[spring-web-7.0.2.jar:7.0.2]
	at org.springframework.web.filter.OncePerRequestFilter.doFilter(OncePerRequestFilter.java:116) ~[spring-web-7.0.2.jar:7.0.2]
	at org.springframework.security.web.FilterChainProxy$VirtualFilterChain.doFilter(FilterChainProxy.java:380) ~[spring-security-web-7.0.2.jar:7.0.2]
	at org.springframework.security.web.header.HeaderWriterFilter.doHeadersAfter(HeaderWriterFilter.java:90) ~[spring-security-web-7.0.2.jar:7.0.2]
	at org.springframework.security.web.header.HeaderWriterFilter.doFilterInternal(HeaderWriterFilter.java:75) ~[spring-security-web-7.0.2.jar:7.0.2]
	at org.springframework.web.filter.OncePerRequestFilter.doFilter(OncePerRequestFilter.java:116) ~[spring-web-7.0.2.jar:7.0.2]
	at org.springframework.security.web.FilterChainProxy$VirtualFilterChain.doFilter(FilterChainProxy.java:380) ~[spring-security-web-7.0.2.jar:7.0.2]
	at org.springframework.security.web.context.SecurityContextHolderFilter.doFilter(SecurityContextHolderFilter.java:82) ~[spring-security-web-7.0.2.jar:7.0.2]
	at org.springframework.security.web.context.SecurityContextHolderFilter.doFilter(SecurityContextHolderFilter.java:69) ~[spring-security-web-7.0.2.jar:7.0.2]
	at org.springframework.security.web.FilterChainProxy$VirtualFilterChain.doFilter(FilterChainProxy.java:380) ~[spring-security-web-7.0.2.jar:7.0.2]
	at org.springframework.security.web.context.request.async.WebAsyncManagerIntegrationFilter.doFilterInternal(WebAsyncManagerIntegrationFilter.java:62) ~[spring-security-web-7.0.2.jar:7.0.2]
	at org.springframework.web.filter.OncePerRequestFilter.doFilter(OncePerRequestFilter.java:116) ~[spring-web-7.0.2.jar:7.0.2]
	at org.springframework.security.web.FilterChainProxy$VirtualFilterChain.doFilter(FilterChainProxy.java:380) ~[spring-security-web-7.0.2.jar:7.0.2]
	at org.springframework.security.web.session.DisableEncodeUrlFilter.doFilterInternal(DisableEncodeUrlFilter.java:42) ~[spring-security-web-7.0.2.jar:7.0.2]
	at org.springframework.web.filter.OncePerRequestFilter.doFilter(OncePerRequestFilter.java:116) ~[spring-web-7.0.2.jar:7.0.2]
	at org.springframework.security.web.FilterChainProxy$VirtualFilterChain.doFilter(FilterChainProxy.java:380) ~[spring-security-web-7.0.2.jar:7.0.2]
	at org.springframework.security.web.FilterChainProxy.doFilterInternal(FilterChainProxy.java:237) ~[spring-security-web-7.0.2.jar:7.0.2]
	at org.springframework.security.web.FilterChainProxy.doFilter(FilterChainProxy.java:195) ~[spring-security-web-7.0.2.jar:7.0.2]
	at org.springframework.web.filter.CompositeFilter$VirtualFilterChain.doFilter(CompositeFilter.java:113) ~[spring-web-7.0.2.jar:7.0.2]
	at org.springframework.web.filter.ServletRequestPathFilter.doFilter(ServletRequestPathFilter.java:52) ~[spring-web-7.0.2.jar:7.0.2]
	at org.springframework.web.filter.CompositeFilter$VirtualFilterChain.doFilter(CompositeFilter.java:113) ~[spring-web-7.0.2.jar:7.0.2]
	at org.springframework.web.filter.CompositeFilter.doFilter(CompositeFilter.java:74) ~[spring-web-7.0.2.jar:7.0.2]
	at org.springframework.security.config.annotation.web.configuration.WebSecurityConfiguration$CompositeFilterChainProxy.doFilter(WebSecurityConfiguration.java:317) ~[spring-security-config-7.0.2.jar:7.0.2]
	at org.springframework.web.filter.DelegatingFilterProxy.invokeDelegate(DelegatingFilterProxy.java:355) ~[spring-web-7.0.2.jar:7.0.2]
	at org.springframework.web.filter.DelegatingFilterProxy.doFilter(DelegatingFilterProxy.java:272) ~[spring-web-7.0.2.jar:7.0.2]
	at org.apache.catalina.core.ApplicationFilterChain.doFilter(ApplicationFilterChain.java:107) ~[tomcat-embed-core-11.0.15.jar:11.0.15]
	at org.springframework.web.filter.RequestContextFilter.doFilterInternal(RequestContextFilter.java:100) ~[spring-web-7.0.2.jar:7.0.2]
	at org.springframework.web.filter.OncePerRequestFilter.doFilter(OncePerRequestFilter.java:116) ~[spring-web-7.0.2.jar:7.0.2]
	at org.apache.catalina.core.ApplicationFilterChain.doFilter(ApplicationFilterChain.java:107) ~[tomcat-embed-core-11.0.15.jar:11.0.15]
	at org.springframework.web.filter.FormContentFilter.doFilterInternal(FormContentFilter.java:93) ~[spring-web-7.0.2.jar:7.0.2]
	at org.springframework.web.filter.OncePerRequestFilter.doFilter(OncePerRequestFilter.java:116) ~[spring-web-7.0.2.jar:7.0.2]
	at org.apache.catalina.core.ApplicationFilterChain.doFilter(ApplicationFilterChain.java:107) ~[tomcat-embed-core-11.0.15.jar:11.0.15]
	at org.springframework.web.filter.CharacterEncodingFilter.doFilterInternal(CharacterEncodingFilter.java:199) ~[spring-web-7.0.2.jar:7.0.2]
	at org.springframework.web.filter.OncePerRequestFilter.doFilter(OncePerRequestFilter.java:116) ~[spring-web-7.0.2.jar:7.0.2]
	at org.apache.catalina.core.ApplicationFilterChain.doFilter(ApplicationFilterChain.java:107) ~[tomcat-embed-core-11.0.15.jar:11.0.15]
	at org.apache.catalina.core.StandardWrapperValve.invoke(StandardWrapperValve.java:165) ~[tomcat-embed-core-11.0.15.jar:11.0.15]
	at org.apache.catalina.core.StandardContextValve.invoke(StandardContextValve.java:77) ~[tomcat-embed-core-11.0.15.jar:11.0.15]
	at org.apache.catalina.authenticator.AuthenticatorBase.invoke(AuthenticatorBase.java:482) ~[tomcat-embed-core-11.0.15.jar:11.0.15]
	at org.apache.catalina.core.StandardHostValve.invoke(StandardHostValve.java:113) ~[tomcat-embed-core-11.0.15.jar:11.0.15]
	at org.apache.catalina.valves.ErrorReportValve.invoke(ErrorReportValve.java:83) ~[tomcat-embed-core-11.0.15.jar:11.0.15]
	at org.apache.catalina.core.StandardEngineValve.invoke(StandardEngineValve.java:72) ~[tomcat-embed-core-11.0.15.jar:11.0.15]
	at org.apache.catalina.connector.CoyoteAdapter.service(CoyoteAdapter.java:341) ~[tomcat-embed-core-11.0.15.jar:11.0.15]
	at org.apache.coyote.http11.Http11Processor.service(Http11Processor.java:397) ~[tomcat-embed-core-11.0.15.jar:11.0.15]
	at org.apache.coyote.AbstractProcessorLight.process(AbstractProcessorLight.java:63) ~[tomcat-embed-core-11.0.15.jar:11.0.15]
	at org.apache.coyote.AbstractProtocol$ConnectionHandler.process(AbstractProtocol.java:903) ~[tomcat-embed-core-11.0.15.jar:11.0.15]
	at org.apache.tomcat.util.net.NioEndpoint$SocketProcessor.doRun(NioEndpoint.java:1778) ~[tomcat-embed-core-11.0.15.jar:11.0.15]
	at org.apache.tomcat.util.net.SocketProcessorBase.run(SocketProcessorBase.java:52) ~[tomcat-embed-core-11.0.15.jar:11.0.15]
	at org.apache.tomcat.util.threads.ThreadPoolExecutor.runWorker(ThreadPoolExecutor.java:946) ~[tomcat-embed-core-11.0.15.jar:11.0.15]
	at org.apache.tomcat.util.threads.ThreadPoolExecutor$Worker.run(ThreadPoolExecutor.java:480) ~[tomcat-embed-core-11.0.15.jar:11.0.15]
	at org.apache.tomcat.util.threads.TaskThread$WrappingRunnable.run(TaskThread.java:57) ~[tomcat-embed-core-11.0.15.jar:11.0.15]
	at java.base/java.lang.Thread.run(Thread.java:1474) ~[na:na]

2026-02-01 07:16:44.189 ERROR 44557 --- [multi-tenant-saas-starter-template] [http-nio-8080-exec-9] o.a.c.c.C.[.[.[/].[dispatcherServlet]    : Servlet.service() for servlet [dispatcherServlet] in context with path [] threw exception

cloud.norgha.multi_tenant_saas_starter_template.infrastructure.exception.TenantNotFoundException: Tenant not found: tenant1
	at cloud.norgha.multi_tenant_saas_starter_template.multitenancy.tenant.TenantResolver.lambda$validateTenant$0(TenantResolver.java:73) ~[classes/:na]
	at java.base/java.util.Optional.orElseThrow(Optional.java:403) ~[na:na]
	at cloud.norgha.multi_tenant_saas_starter_template.multitenancy.tenant.TenantResolver.validateTenant(TenantResolver.java:73) ~[classes/:na]
	at cloud.norgha.multi_tenant_saas_starter_template.multitenancy.tenant.TenantResolver.resolveTenant(TenantResolver.java:55) ~[classes/:na]
	at java.base/jdk.internal.reflect.DirectMethodHandleAccessor.invoke(DirectMethodHandleAccessor.java:104) ~[na:na]
	at java.base/java.lang.reflect.Method.invoke(Method.java:565) ~[na:na]
	at org.springframework.aop.support.AopUtils.invokeJoinpointUsingReflection(AopUtils.java:359) ~[spring-aop-7.0.2.jar:7.0.2]
	at org.springframework.aop.framework.CglibAopProxy$DynamicAdvisedInterceptor.intercept(CglibAopProxy.java:715) ~[spring-aop-7.0.2.jar:7.0.2]
	at cloud.norgha.multi_tenant_saas_starter_template.multitenancy.tenant.TenantResolver$$SpringCGLIB$$0.resolveTenant(<generated>) ~[classes/:na]
	at cloud.norgha.multi_tenant_saas_starter_template.multitenancy.tenant.TenantFilter.doFilterInternal(TenantFilter.java:50) ~[classes/:na]
	at org.springframework.web.filter.OncePerRequestFilter.doFilter(OncePerRequestFilter.java:116) ~[spring-web-7.0.2.jar:7.0.2]
	at org.springframework.security.web.FilterChainProxy$VirtualFilterChain.doFilter(FilterChainProxy.java:380) ~[spring-security-web-7.0.2.jar:7.0.2]
	at cloud.norgha.multi_tenant_saas_starter_template.multitenancy.security.RateLimitingFilter.doFilterInternal(RateLimitingFilter.java:62) ~[classes/:na]
	at org.springframework.web.filter.OncePerRequestFilter.doFilter(OncePerRequestFilter.java:116) ~[spring-web-7.0.2.jar:7.0.2]
	at org.springframework.security.web.FilterChainProxy$VirtualFilterChain.doFilter(FilterChainProxy.java:380) ~[spring-security-web-7.0.2.jar:7.0.2]
	at org.springframework.security.web.authentication.logout.LogoutFilter.doFilter(LogoutFilter.java:110) ~[spring-security-web-7.0.2.jar:7.0.2]
	at org.springframework.security.web.authentication.logout.LogoutFilter.doFilter(LogoutFilter.java:96) ~[spring-security-web-7.0.2.jar:7.0.2]
	at org.springframework.security.web.FilterChainProxy$VirtualFilterChain.doFilter(FilterChainProxy.java:380) ~[spring-security-web-7.0.2.jar:7.0.2]
	at org.springframework.web.filter.CorsFilter.doFilterInternal(CorsFilter.java:91) ~[spring-web-7.0.2.jar:7.0.2]
	at org.springframework.web.filter.OncePerRequestFilter.doFilter(OncePerRequestFilter.java:116) ~[spring-web-7.0.2.jar:7.0.2]
	at org.springframework.security.web.FilterChainProxy$VirtualFilterChain.doFilter(FilterChainProxy.java:380) ~[spring-security-web-7.0.2.jar:7.0.2]
	at org.springframework.security.web.header.HeaderWriterFilter.doHeadersAfter(HeaderWriterFilter.java:90) ~[spring-security-web-7.0.2.jar:7.0.2]
	at org.springframework.security.web.header.HeaderWriterFilter.doFilterInternal(HeaderWriterFilter.java:75) ~[spring-security-web-7.0.2.jar:7.0.2]
	at org.springframework.web.filter.OncePerRequestFilter.doFilter(OncePerRequestFilter.java:116) ~[spring-web-7.0.2.jar:7.0.2]
	at org.springframework.security.web.FilterChainProxy$VirtualFilterChain.doFilter(FilterChainProxy.java:380) ~[spring-security-web-7.0.2.jar:7.0.2]
	at org.springframework.security.web.context.SecurityContextHolderFilter.doFilter(SecurityContextHolderFilter.java:82) ~[spring-security-web-7.0.2.jar:7.0.2]
	at org.springframework.security.web.context.SecurityContextHolderFilter.doFilter(SecurityContextHolderFilter.java:69) ~[spring-security-web-7.0.2.jar:7.0.2]
	at org.springframework.security.web.FilterChainProxy$VirtualFilterChain.doFilter(FilterChainProxy.java:380) ~[spring-security-web-7.0.2.jar:7.0.2]
	at org.springframework.security.web.context.request.async.WebAsyncManagerIntegrationFilter.doFilterInternal(WebAsyncManagerIntegrationFilter.java:62) ~[spring-security-web-7.0.2.jar:7.0.2]
	at org.springframework.web.filter.OncePerRequestFilter.doFilter(OncePerRequestFilter.java:116) ~[spring-web-7.0.2.jar:7.0.2]
	at org.springframework.security.web.FilterChainProxy$VirtualFilterChain.doFilter(FilterChainProxy.java:380) ~[spring-security-web-7.0.2.jar:7.0.2]
	at org.springframework.security.web.session.DisableEncodeUrlFilter.doFilterInternal(DisableEncodeUrlFilter.java:42) ~[spring-security-web-7.0.2.jar:7.0.2]
	at org.springframework.web.filter.OncePerRequestFilter.doFilter(OncePerRequestFilter.java:116) ~[spring-web-7.0.2.jar:7.0.2]
	at org.springframework.security.web.FilterChainProxy$VirtualFilterChain.doFilter(FilterChainProxy.java:380) ~[spring-security-web-7.0.2.jar:7.0.2]
	at org.springframework.security.web.FilterChainProxy.doFilterInternal(FilterChainProxy.java:237) ~[spring-security-web-7.0.2.jar:7.0.2]
	at org.springframework.security.web.FilterChainProxy.doFilter(FilterChainProxy.java:195) ~[spring-security-web-7.0.2.jar:7.0.2]
	at org.springframework.web.filter.CompositeFilter$VirtualFilterChain.doFilter(CompositeFilter.java:113) ~[spring-web-7.0.2.jar:7.0.2]
	at org.springframework.web.filter.ServletRequestPathFilter.doFilter(ServletRequestPathFilter.java:52) ~[spring-web-7.0.2.jar:7.0.2]
	at org.springframework.web.filter.CompositeFilter$VirtualFilterChain.doFilter(CompositeFilter.java:113) ~[spring-web-7.0.2.jar:7.0.2]
	at org.springframework.web.filter.CompositeFilter.doFilter(CompositeFilter.java:74) ~[spring-web-7.0.2.jar:7.0.2]
	at org.springframework.security.config.annotation.web.configuration.WebSecurityConfiguration$CompositeFilterChainProxy.doFilter(WebSecurityConfiguration.java:317) ~[spring-security-config-7.0.2.jar:7.0.2]
	at org.springframework.web.filter.DelegatingFilterProxy.invokeDelegate(DelegatingFilterProxy.java:355) ~[spring-web-7.0.2.jar:7.0.2]
	at org.springframework.web.filter.DelegatingFilterProxy.doFilter(DelegatingFilterProxy.java:272) ~[spring-web-7.0.2.jar:7.0.2]
	at org.apache.catalina.core.ApplicationFilterChain.doFilter(ApplicationFilterChain.java:107) ~[tomcat-embed-core-11.0.15.jar:11.0.15]
	at org.springframework.web.filter.RequestContextFilter.doFilterInternal(RequestContextFilter.java:100) ~[spring-web-7.0.2.jar:7.0.2]
	at org.springframework.web.filter.OncePerRequestFilter.doFilter(OncePerRequestFilter.java:116) ~[spring-web-7.0.2.jar:7.0.2]
	at org.apache.catalina.core.ApplicationFilterChain.doFilter(ApplicationFilterChain.java:107) ~[tomcat-embed-core-11.0.15.jar:11.0.15]
	at org.springframework.web.filter.FormContentFilter.doFilterInternal(FormContentFilter.java:93) ~[spring-web-7.0.2.jar:7.0.2]
	at org.springframework.web.filter.OncePerRequestFilter.doFilter(OncePerRequestFilter.java:116) ~[spring-web-7.0.2.jar:7.0.2]
	at org.apache.catalina.core.ApplicationFilterChain.doFilter(ApplicationFilterChain.java:107) ~[tomcat-embed-core-11.0.15.jar:11.0.15]
	at org.springframework.web.filter.CharacterEncodingFilter.doFilterInternal(CharacterEncodingFilter.java:199) ~[spring-web-7.0.2.jar:7.0.2]
	at org.springframework.web.filter.OncePerRequestFilter.doFilter(OncePerRequestFilter.java:116) ~[spring-web-7.0.2.jar:7.0.2]
	at org.apache.catalina.core.ApplicationFilterChain.doFilter(ApplicationFilterChain.java:107) ~[tomcat-embed-core-11.0.15.jar:11.0.15]
	at org.apache.catalina.core.StandardWrapperValve.invoke(StandardWrapperValve.java:165) ~[tomcat-embed-core-11.0.15.jar:11.0.15]
	at org.apache.catalina.core.StandardContextValve.invoke(StandardContextValve.java:77) ~[tomcat-embed-core-11.0.15.jar:11.0.15]
	at org.apache.catalina.authenticator.AuthenticatorBase.invoke(AuthenticatorBase.java:482) ~[tomcat-embed-core-11.0.15.jar:11.0.15]
	at org.apache.catalina.core.StandardHostValve.invoke(StandardHostValve.java:113) ~[tomcat-embed-core-11.0.15.jar:11.0.15]
	at org.apache.catalina.valves.ErrorReportValve.invoke(ErrorReportValve.java:83) ~[tomcat-embed-core-11.0.15.jar:11.0.15]
	at org.apache.catalina.core.StandardEngineValve.invoke(StandardEngineValve.java:72) ~[tomcat-embed-core-11.0.15.jar:11.0.15]
	at org.apache.catalina.connector.CoyoteAdapter.service(CoyoteAdapter.java:341) ~[tomcat-embed-core-11.0.15.jar:11.0.15]
	at org.apache.coyote.http11.Http11Processor.service(Http11Processor.java:397) ~[tomcat-embed-core-11.0.15.jar:11.0.15]
	at org.apache.coyote.AbstractProcessorLight.process(AbstractProcessorLight.java:63) ~[tomcat-embed-core-11.0.15.jar:11.0.15]
	at org.apache.coyote.AbstractProtocol$ConnectionHandler.process(AbstractProtocol.java:903) ~[tomcat-embed-core-11.0.15.jar:11.0.15]
	at org.apache.tomcat.util.net.NioEndpoint$SocketProcessor.doRun(NioEndpoint.java:1778) ~[tomcat-embed-core-11.0.15.jar:11.0.15]
	at org.apache.tomcat.util.net.SocketProcessorBase.run(SocketProcessorBase.java:52) ~[tomcat-embed-core-11.0.15.jar:11.0.15]
	at org.apache.tomcat.util.threads.ThreadPoolExecutor.runWorker(ThreadPoolExecutor.java:946) ~[tomcat-embed-core-11.0.15.jar:11.0.15]
	at org.apache.tomcat.util.threads.ThreadPoolExecutor$Worker.run(ThreadPoolExecutor.java:480) ~[tomcat-embed-core-11.0.15.jar:11.0.15]
	at org.apache.tomcat.util.threads.TaskThread$WrappingRunnable.run(TaskThread.java:57) ~[tomcat-embed-core-11.0.15.jar:11.0.15]
	at java.base/java.lang.Thread.run(Thread.java:1474) ~[na:na]

2026-02-01 07:16:44.191 ERROR 44557 --- [multi-tenant-saas-starter-template] [http-nio-8080-exec-10] o.a.c.c.C.[.[.[/].[dispatcherServlet]    : Servlet.service() for servlet [dispatcherServlet] in context with path [] threw exception

cloud.norgha.multi_tenant_saas_starter_template.infrastructure.exception.TenantNotFoundException: Tenant not found: test-tenant
	at cloud.norgha.multi_tenant_saas_starter_template.multitenancy.tenant.TenantResolver.lambda$validateTenant$0(TenantResolver.java:73) ~[classes/:na]
	at java.base/java.util.Optional.orElseThrow(Optional.java:403) ~[na:na]
	at cloud.norgha.multi_tenant_saas_starter_template.multitenancy.tenant.TenantResolver.validateTenant(TenantResolver.java:73) ~[classes/:na]
	at cloud.norgha.multi_tenant_saas_starter_template.multitenancy.tenant.TenantResolver.resolveTenant(TenantResolver.java:55) ~[classes/:na]
	at java.base/jdk.internal.reflect.DirectMethodHandleAccessor.invoke(DirectMethodHandleAccessor.java:104) ~[na:na]
	at java.base/java.lang.reflect.Method.invoke(Method.java:565) ~[na:na]
	at org.springframework.aop.support.AopUtils.invokeJoinpointUsingReflection(AopUtils.java:359) ~[spring-aop-7.0.2.jar:7.0.2]
	at org.springframework.aop.framework.CglibAopProxy$DynamicAdvisedInterceptor.intercept(CglibAopProxy.java:715) ~[spring-aop-7.0.2.jar:7.0.2]
	at cloud.norgha.multi_tenant_saas_starter_template.multitenancy.tenant.TenantResolver$$SpringCGLIB$$0.resolveTenant(<generated>) ~[classes/:na]
	at cloud.norgha.multi_tenant_saas_starter_template.multitenancy.tenant.TenantFilter.doFilterInternal(TenantFilter.java:50) ~[classes/:na]
	at org.springframework.web.filter.OncePerRequestFilter.doFilter(OncePerRequestFilter.java:116) ~[spring-web-7.0.2.jar:7.0.2]
	at org.springframework.security.web.FilterChainProxy$VirtualFilterChain.doFilter(FilterChainProxy.java:380) ~[spring-security-web-7.0.2.jar:7.0.2]
	at cloud.norgha.multi_tenant_saas_starter_template.multitenancy.security.RateLimitingFilter.doFilterInternal(RateLimitingFilter.java:62) ~[classes/:na]
	at org.springframework.web.filter.OncePerRequestFilter.doFilter(OncePerRequestFilter.java:116) ~[spring-web-7.0.2.jar:7.0.2]
	at org.springframework.security.web.FilterChainProxy$VirtualFilterChain.doFilter(FilterChainProxy.java:380) ~[spring-security-web-7.0.2.jar:7.0.2]
	at org.springframework.security.web.authentication.logout.LogoutFilter.doFilter(LogoutFilter.java:110) ~[spring-security-web-7.0.2.jar:7.0.2]
	at org.springframework.security.web.authentication.logout.LogoutFilter.doFilter(LogoutFilter.java:96) ~[spring-security-web-7.0.2.jar:7.0.2]
	at org.springframework.security.web.FilterChainProxy$VirtualFilterChain.doFilter(FilterChainProxy.java:380) ~[spring-security-web-7.0.2.jar:7.0.2]
	at org.springframework.web.filter.CorsFilter.doFilterInternal(CorsFilter.java:91) ~[spring-web-7.0.2.jar:7.0.2]
	at org.springframework.web.filter.OncePerRequestFilter.doFilter(OncePerRequestFilter.java:116) ~[spring-web-7.0.2.jar:7.0.2]
	at org.springframework.security.web.FilterChainProxy$VirtualFilterChain.doFilter(FilterChainProxy.java:380) ~[spring-security-web-7.0.2.jar:7.0.2]
	at org.springframework.security.web.header.HeaderWriterFilter.doHeadersAfter(HeaderWriterFilter.java:90) ~[spring-security-web-7.0.2.jar:7.0.2]
	at org.springframework.security.web.header.HeaderWriterFilter.doFilterInternal(HeaderWriterFilter.java:75) ~[spring-security-web-7.0.2.jar:7.0.2]
	at org.springframework.web.filter.OncePerRequestFilter.doFilter(OncePerRequestFilter.java:116) ~[spring-web-7.0.2.jar:7.0.2]
	at org.springframework.security.web.FilterChainProxy$VirtualFilterChain.doFilter(FilterChainProxy.java:380) ~[spring-security-web-7.0.2.jar:7.0.2]
	at org.springframework.security.web.context.SecurityContextHolderFilter.doFilter(SecurityContextHolderFilter.java:82) ~[spring-security-web-7.0.2.jar:7.0.2]
	at org.springframework.security.web.context.SecurityContextHolderFilter.doFilter(SecurityContextHolderFilter.java:69) ~[spring-security-web-7.0.2.jar:7.0.2]
	at org.springframework.security.web.FilterChainProxy$VirtualFilterChain.doFilter(FilterChainProxy.java:380) ~[spring-security-web-7.0.2.jar:7.0.2]
	at org.springframework.security.web.context.request.async.WebAsyncManagerIntegrationFilter.doFilterInternal(WebAsyncManagerIntegrationFilter.java:62) ~[spring-security-web-7.0.2.jar:7.0.2]
	at org.springframework.web.filter.OncePerRequestFilter.doFilter(OncePerRequestFilter.java:116) ~[spring-web-7.0.2.jar:7.0.2]
	at org.springframework.security.web.FilterChainProxy$VirtualFilterChain.doFilter(FilterChainProxy.java:380) ~[spring-security-web-7.0.2.jar:7.0.2]
	at org.springframework.security.web.session.DisableEncodeUrlFilter.doFilterInternal(DisableEncodeUrlFilter.java:42) ~[spring-security-web-7.0.2.jar:7.0.2]
	at org.springframework.web.filter.OncePerRequestFilter.doFilter(OncePerRequestFilter.java:116) ~[spring-web-7.0.2.jar:7.0.2]
	at org.springframework.security.web.FilterChainProxy$VirtualFilterChain.doFilter(FilterChainProxy.java:380) ~[spring-security-web-7.0.2.jar:7.0.2]
	at org.springframework.security.web.FilterChainProxy.doFilterInternal(FilterChainProxy.java:237) ~[spring-security-web-7.0.2.jar:7.0.2]
	at org.springframework.security.web.FilterChainProxy.doFilter(FilterChainProxy.java:195) ~[spring-security-web-7.0.2.jar:7.0.2]
	at org.springframework.web.filter.CompositeFilter$VirtualFilterChain.doFilter(CompositeFilter.java:113) ~[spring-web-7.0.2.jar:7.0.2]
	at org.springframework.web.filter.ServletRequestPathFilter.doFilter(ServletRequestPathFilter.java:52) ~[spring-web-7.0.2.jar:7.0.2]
	at org.springframework.web.filter.CompositeFilter$VirtualFilterChain.doFilter(CompositeFilter.java:113) ~[spring-web-7.0.2.jar:7.0.2]
	at org.springframework.web.filter.CompositeFilter.doFilter(CompositeFilter.java:74) ~[spring-web-7.0.2.jar:7.0.2]
	at org.springframework.security.config.annotation.web.configuration.WebSecurityConfiguration$CompositeFilterChainProxy.doFilter(WebSecurityConfiguration.java:317) ~[spring-security-config-7.0.2.jar:7.0.2]
	at org.springframework.web.filter.DelegatingFilterProxy.invokeDelegate(DelegatingFilterProxy.java:355) ~[spring-web-7.0.2.jar:7.0.2]
	at org.springframework.web.filter.DelegatingFilterProxy.doFilter(DelegatingFilterProxy.java:272) ~[spring-web-7.0.2.jar:7.0.2]
	at org.apache.catalina.core.ApplicationFilterChain.doFilter(ApplicationFilterChain.java:107) ~[tomcat-embed-core-11.0.15.jar:11.0.15]
	at org.springframework.web.filter.RequestContextFilter.doFilterInternal(RequestContextFilter.java:100) ~[spring-web-7.0.2.jar:7.0.2]
	at org.springframework.web.filter.OncePerRequestFilter.doFilter(OncePerRequestFilter.java:116) ~[spring-web-7.0.2.jar:7.0.2]
	at org.apache.catalina.core.ApplicationFilterChain.doFilter(ApplicationFilterChain.java:107) ~[tomcat-embed-core-11.0.15.jar:11.0.15]
	at org.springframework.web.filter.FormContentFilter.doFilterInternal(FormContentFilter.java:93) ~[spring-web-7.0.2.jar:7.0.2]
	at org.springframework.web.filter.OncePerRequestFilter.doFilter(OncePerRequestFilter.java:116) ~[spring-web-7.0.2.jar:7.0.2]
	at org.apache.catalina.core.ApplicationFilterChain.doFilter(ApplicationFilterChain.java:107) ~[tomcat-embed-core-11.0.15.jar:11.0.15]
	at org.springframework.web.filter.CharacterEncodingFilter.doFilterInternal(CharacterEncodingFilter.java:199) ~[spring-web-7.0.2.jar:7.0.2]
	at org.springframework.web.filter.OncePerRequestFilter.doFilter(OncePerRequestFilter.java:116) ~[spring-web-7.0.2.jar:7.0.2]
	at org.apache.catalina.core.ApplicationFilterChain.doFilter(ApplicationFilterChain.java:107) ~[tomcat-embed-core-11.0.15.jar:11.0.15]
	at org.apache.catalina.core.StandardWrapperValve.invoke(StandardWrapperValve.java:165) ~[tomcat-embed-core-11.0.15.jar:11.0.15]
	at org.apache.catalina.core.StandardContextValve.invoke(StandardContextValve.java:77) ~[tomcat-embed-core-11.0.15.jar:11.0.15]
	at org.apache.catalina.authenticator.AuthenticatorBase.invoke(AuthenticatorBase.java:482) ~[tomcat-embed-core-11.0.15.jar:11.0.15]
	at org.apache.catalina.core.StandardHostValve.invoke(StandardHostValve.java:113) ~[tomcat-embed-core-11.0.15.jar:11.0.15]
	at org.apache.catalina.valves.ErrorReportValve.invoke(ErrorReportValve.java:83) ~[tomcat-embed-core-11.0.15.jar:11.0.15]
	at org.apache.catalina.core.StandardEngineValve.invoke(StandardEngineValve.java:72) ~[tomcat-embed-core-11.0.15.jar:11.0.15]
	at org.apache.catalina.connector.CoyoteAdapter.service(CoyoteAdapter.java:341) ~[tomcat-embed-core-11.0.15.jar:11.0.15]
	at org.apache.coyote.http11.Http11Processor.service(Http11Processor.java:397) ~[tomcat-embed-core-11.0.15.jar:11.0.15]
	at org.apache.coyote.AbstractProcessorLight.process(AbstractProcessorLight.java:63) ~[tomcat-embed-core-11.0.15.jar:11.0.15]
	at org.apache.coyote.AbstractProtocol$ConnectionHandler.process(AbstractProtocol.java:903) ~[tomcat-embed-core-11.0.15.jar:11.0.15]
	at org.apache.tomcat.util.net.NioEndpoint$SocketProcessor.doRun(NioEndpoint.java:1778) ~[tomcat-embed-core-11.0.15.jar:11.0.15]
	at org.apache.tomcat.util.net.SocketProcessorBase.run(SocketProcessorBase.java:52) ~[tomcat-embed-core-11.0.15.jar:11.0.15]
	at org.apache.tomcat.util.threads.ThreadPoolExecutor.runWorker(ThreadPoolExecutor.java:946) ~[tomcat-embed-core-11.0.15.jar:11.0.15]
	at org.apache.tomcat.util.threads.ThreadPoolExecutor$Worker.run(ThreadPoolExecutor.java:480) ~[tomcat-embed-core-11.0.15.jar:11.0.15]
	at org.apache.tomcat.util.threads.TaskThread$WrappingRunnable.run(TaskThread.java:57) ~[tomcat-embed-core-11.0.15.jar:11.0.15]
	at java.base/java.lang.Thread.run(Thread.java:1474) ~[na:na]

2026-02-01 07:23:15.087  INFO 44557 --- [multi-tenant-saas-starter-template] [SpringApplicationShutdownHook] o.s.boot.tomcat.GracefulShutdown         : Commencing graceful shutdown. Waiting for active requests to complete
2026-02-01 07:23:15.098  INFO 44557 --- [multi-tenant-saas-starter-template] [tomcat-shutdown] o.s.boot.tomcat.GracefulShutdown         : Graceful shutdown complete
2026-02-01 07:23:15.109  INFO 44557 --- [multi-tenant-saas-starter-template] [SpringApplicationShutdownHook] j.LocalContainerEntityManagerFactoryBean : Closing JPA EntityManagerFactory for persistence unit 'default'
2026-02-01 07:23:15.113  INFO 44557 --- [multi-tenant-saas-starter-template] [SpringApplicationShutdownHook] com.zaxxer.hikari.HikariDataSource       : SaaS-HikariCP - Shutdown initiated...
2026-02-01 07:23:15.116  INFO 44557 --- [multi-tenant-saas-starter-template] [SpringApplicationShutdownHook] com.zaxxer.hikari.HikariDataSource       : SaaS-HikariCP - Shutdown completed.
2026-02-01 07:24:06.433  INFO 45158 --- [multi-tenant-saas-starter-template] [main] ultiTenantSaasStarterTemplateApplication : Starting MultiTenantSaasStarterTemplateApplication using Java 25.0.1 with PID 45158 (/Users/mac/Desktop/Personal Java Template/multi-tenant-saas-starter-template/target/classes started by mac in /Users/mac/Desktop/Personal Java Template/multi-tenant-saas-starter-template)
2026-02-01 07:24:06.439  INFO 45158 --- [multi-tenant-saas-starter-template] [main] ultiTenantSaasStarterTemplateApplication : No active profile set, falling back to 1 default profile: "default"
2026-02-01 07:24:07.902  INFO 45158 --- [multi-tenant-saas-starter-template] [main] .s.d.r.c.RepositoryConfigurationDelegate : Bootstrapping Spring Data JPA repositories in DEFAULT mode.
2026-02-01 07:24:08.018  INFO 45158 --- [multi-tenant-saas-starter-template] [main] .s.d.r.c.RepositoryConfigurationDelegate : Finished Spring Data repository scanning in 103 ms. Found 5 JPA repository interfaces.
2026-02-01 07:24:08.977  INFO 45158 --- [multi-tenant-saas-starter-template] [main] o.s.boot.tomcat.TomcatWebServer          : Tomcat initialized with port 8080 (http)
2026-02-01 07:24:08.998  INFO 45158 --- [multi-tenant-saas-starter-template] [main] o.apache.catalina.core.StandardService   : Starting service [Tomcat]
2026-02-01 07:24:08.999  INFO 45158 --- [multi-tenant-saas-starter-template] [main] o.apache.catalina.core.StandardEngine    : Starting Servlet engine: [Apache Tomcat/11.0.15]
2026-02-01 07:24:09.066  INFO 45158 --- [multi-tenant-saas-starter-template] [main] b.w.c.s.WebApplicationContextInitializer : Root WebApplicationContext: initialization completed in 2553 ms
2026-02-01 07:24:09.492  INFO 45158 --- [multi-tenant-saas-starter-template] [main] com.zaxxer.hikari.HikariDataSource       : SaaS-HikariCP - Starting...
2026-02-01 07:24:09.718  INFO 45158 --- [multi-tenant-saas-starter-template] [main] com.zaxxer.hikari.pool.HikariPool        : SaaS-HikariCP - Added connection org.postgresql.jdbc.PgConnection@4ca5cb99
2026-02-01 07:24:09.720  INFO 45158 --- [multi-tenant-saas-starter-template] [main] com.zaxxer.hikari.HikariDataSource       : SaaS-HikariCP - Start completed.
2026-02-01 07:24:09.762  INFO 45158 --- [multi-tenant-saas-starter-template] [main] org.flywaydb.core.FlywayExecutor         : Database: jdbc:postgresql://localhost:5432/saas_db (PostgreSQL 17.3)
2026-02-01 07:24:09.862  INFO 45158 --- [multi-tenant-saas-starter-template] [main] o.f.core.internal.command.DbValidate     : Successfully validated 10 migrations (execution time 00:00.046s)
2026-02-01 07:24:09.900  INFO 45158 --- [multi-tenant-saas-starter-template] [main] o.f.core.internal.command.DbMigrate      : Current version of schema "public": 9
2026-02-01 07:24:09.919  INFO 45158 --- [multi-tenant-saas-starter-template] [main] o.f.core.internal.command.DbMigrate      : Migrating schema "public" to version "10 - seed demo tenants"
2026-02-01 07:24:09.969  INFO 45158 --- [multi-tenant-saas-starter-template] [main] o.f.core.internal.command.DbMigrate      : Successfully applied 1 migration to schema "public", now at version v10 (execution time 00:00.031s)
2026-02-01 07:24:10.112  INFO 45158 --- [multi-tenant-saas-starter-template] [main] org.hibernate.orm.jpa                    : HHH008540: Processing PersistenceUnitInfo [name: default]
2026-02-01 07:24:10.185  INFO 45158 --- [multi-tenant-saas-starter-template] [main] org.hibernate.orm.core                   : HHH000001: Hibernate ORM core version 7.2.0.Final
2026-02-01 07:24:10.843  INFO 45158 --- [multi-tenant-saas-starter-template] [main] o.s.o.j.p.SpringPersistenceUnitInfo      : No LoadTimeWeaver setup: ignoring JPA class transformer
2026-02-01 07:24:10.938  WARN 45158 --- [multi-tenant-saas-starter-template] [main] org.hibernate.orm.deprecation            : HHH90000025: PostgreSQLDialect does not need to be specified explicitly using 'hibernate.dialect' (remove the property setting and it will be selected by default)
2026-02-01 07:24:10.962  INFO 45158 --- [multi-tenant-saas-starter-template] [main] org.hibernate.orm.connections.pooling    : HHH10001005: Database info:
	Database JDBC URL [jdbc:postgresql://localhost:5432/saas_db]
	Database driver: PostgreSQL JDBC Driver
	Database dialect: PostgreSQLDialect
	Database version: 17.3
	Default catalog/schema: saas_db/public
	Autocommit mode: undefined/unknown
	Isolation level: READ_COMMITTED [default READ_COMMITTED]
	JDBC fetch size: none
	Pool: DataSourceConnectionProvider
	Minimum pool size: undefined/unknown
	Maximum pool size: undefined/unknown
2026-02-01 07:24:12.544  INFO 45158 --- [multi-tenant-saas-starter-template] [main] org.hibernate.orm.core                   : HHH000489: No JTA platform available (set 'hibernate.transaction.jta.platform' to enable JTA platform integration)
2026-02-01 07:24:12.622  INFO 45158 --- [multi-tenant-saas-starter-template] [main] j.LocalContainerEntityManagerFactoryBean : Initialized JPA EntityManagerFactory for persistence unit 'default'
2026-02-01 07:24:12.776  INFO 45158 --- [multi-tenant-saas-starter-template] [main] o.s.d.j.r.query.QueryEnhancerFactories   : Hibernate is in classpath; If applicable, HQL parser will be used.
2026-02-01 07:24:13.079  WARN 45158 --- [multi-tenant-saas-starter-template] [main] c.n.m.m.security.SecurityConfig          : WARNING: Using default JWT secret. Set JWT_SECRET env var before deploying to production!
2026-02-01 07:24:14.032  WARN 45158 --- [multi-tenant-saas-starter-template] [main] .s.a.UserDetailsServiceAutoConfiguration : 

Using generated security password: 242ad5af-bb21-466b-b300-f17716db225f

This generated password is for development use only. Your security configuration must be updated before running your application in production.

2026-02-01 07:24:14.046  INFO 45158 --- [multi-tenant-saas-starter-template] [main] r$InitializeUserDetailsManagerConfigurer : Global AuthenticationManager configured with UserDetailsService bean with name inMemoryUserDetailsManager
2026-02-01 07:24:15.291  INFO 45158 --- [multi-tenant-saas-starter-template] [main] o.s.boot.tomcat.TomcatWebServer          : Tomcat started on port 8080 (http) with context path '/'
2026-02-01 07:24:15.308  INFO 45158 --- [multi-tenant-saas-starter-template] [main] ultiTenantSaasStarterTemplateApplication : Started MultiTenantSaasStarterTemplateApplication in 9.508 seconds (process running for 10.578)
2026-02-01 07:24:15.311  WARN 45158 --- [multi-tenant-saas-starter-template] [main] o.s.core.events.SpringDocAppInitializer  : SpringDoc /v3/api-docs endpoint is enabled by default. To disable it in production, set the property 'springdoc.api-docs.enabled=false'
2026-02-01 07:24:15.312  WARN 45158 --- [multi-tenant-saas-starter-template] [main] o.s.core.events.SpringDocAppInitializer  : SpringDoc /swagger-ui.html endpoint is enabled by default. To disable it in production, set the property 'springdoc.swagger-ui.enabled=false'
2026-02-01 07:25:56.611  INFO 45158 --- [multi-tenant-saas-starter-template] [http-nio-8080-exec-1] o.a.c.c.C.[Tomcat].[localhost].[/]       : Initializing Spring DispatcherServlet 'dispatcherServlet'
2026-02-01 07:25:56.612  INFO 45158 --- [multi-tenant-saas-starter-template] [http-nio-8080-exec-1] o.s.web.servlet.DispatcherServlet        : Initializing Servlet 'dispatcherServlet'
2026-02-01 07:25:56.614  INFO 45158 --- [multi-tenant-saas-starter-template] [http-nio-8080-exec-1] o.s.web.servlet.DispatcherServlet        : Completed initialization in 2 ms
2026-02-01 07:25:58.171  INFO 45158 --- [multi-tenant-saas-starter-template] [http-nio-8080-exec-8] o.springdoc.api.AbstractOpenApiResource  : Init duration for springdoc-openapi is: 750 ms
2026-02-01 07:26:14.772  WARN 45158 --- [multi-tenant-saas-starter-template] [http-nio-8080-exec-10] c.n.m.i.e.GlobalExceptionHandler         : Validation failed: Password must be at least 8 characters
2026-02-01 07:27:00.130  INFO 45158 --- [multi-tenant-saas-starter-template] [http-nio-8080-exec-4] c.n.m.m.a.services.impl.AuthServiceImpl  : Registered user with ID: 4005ed7d-28cc-4ba5-9f62-9840637aa17b and role: USER in tenant: tenant1
2026-02-01 07:27:11.532  INFO 45158 --- [multi-tenant-saas-starter-template] [http-nio-8080-exec-9] c.n.m.m.a.services.impl.AuthServiceImpl  : Successful login for user ID: 4005ed7d-28cc-4ba5-9f62-9840637aa17b in tenant: tenant1
2026-02-01 07:29:56.837  WARN 45158 --- [multi-tenant-saas-starter-template] [http-nio-8080-exec-10] c.n.m.i.e.GlobalExceptionHandler         : Validation failed: Password must be at least 8 characters
2026-02-01 07:30:15.262  INFO 45158 --- [multi-tenant-saas-starter-template] [http-nio-8080-exec-5] c.n.m.m.a.services.impl.AuthServiceImpl  : Registered user with ID: 0bae49b9-8da7-4bdf-9ef5-11127f446857 and role: USER in tenant: tenant1
2026-02-01 07:30:33.681  INFO 45158 --- [multi-tenant-saas-starter-template] [http-nio-8080-exec-4] c.n.m.m.a.services.impl.AuthServiceImpl  : Successful login for user ID: 4005ed7d-28cc-4ba5-9f62-9840637aa17b in tenant: tenant1
2026-02-01 07:30:55.792  WARN 45158 --- [multi-tenant-saas-starter-template] [http-nio-8080-exec-1] c.n.m.i.e.GlobalExceptionHandler         : Illegal argument: Email already registered in this tenant
2026-02-01 07:32:46.303 ERROR 45158 --- [multi-tenant-saas-starter-template] [http-nio-8080-exec-5] o.a.c.c.C.[.[.[/].[dispatcherServlet]    : Servlet.service() for servlet [dispatcherServlet] in context with path [] threw exception

cloud.norgha.multi_tenant_saas_starter_template.infrastructure.exception.TenantMissingException: Missing X-Tenant-ID header
	at cloud.norgha.multi_tenant_saas_starter_template.multitenancy.tenant.TenantResolver.resolveTenant(TenantResolver.java:46) ~[classes/:na]
	at java.base/jdk.internal.reflect.DirectMethodHandleAccessor.invoke(DirectMethodHandleAccessor.java:104) ~[na:na]
	at java.base/java.lang.reflect.Method.invoke(Method.java:565) ~[na:na]
	at org.springframework.aop.support.AopUtils.invokeJoinpointUsingReflection(AopUtils.java:359) ~[spring-aop-7.0.2.jar:7.0.2]
	at org.springframework.aop.framework.CglibAopProxy$DynamicAdvisedInterceptor.intercept(CglibAopProxy.java:715) ~[spring-aop-7.0.2.jar:7.0.2]
	at cloud.norgha.multi_tenant_saas_starter_template.multitenancy.tenant.TenantResolver$$SpringCGLIB$$0.resolveTenant(<generated>) ~[classes/:na]
	at cloud.norgha.multi_tenant_saas_starter_template.multitenancy.tenant.TenantFilter.doFilterInternal(TenantFilter.java:50) ~[classes/:na]
	at org.springframework.web.filter.OncePerRequestFilter.doFilter(OncePerRequestFilter.java:116) ~[spring-web-7.0.2.jar:7.0.2]
	at org.springframework.security.web.FilterChainProxy$VirtualFilterChain.doFilter(FilterChainProxy.java:380) ~[spring-security-web-7.0.2.jar:7.0.2]
	at org.springframework.web.filter.OncePerRequestFilter.doFilter(OncePerRequestFilter.java:101) ~[spring-web-7.0.2.jar:7.0.2]
	at org.springframework.security.web.FilterChainProxy$VirtualFilterChain.doFilter(FilterChainProxy.java:380) ~[spring-security-web-7.0.2.jar:7.0.2]
	at org.springframework.security.web.authentication.logout.LogoutFilter.doFilter(LogoutFilter.java:110) ~[spring-security-web-7.0.2.jar:7.0.2]
	at org.springframework.security.web.authentication.logout.LogoutFilter.doFilter(LogoutFilter.java:96) ~[spring-security-web-7.0.2.jar:7.0.2]
	at org.springframework.security.web.FilterChainProxy$VirtualFilterChain.doFilter(FilterChainProxy.java:380) ~[spring-security-web-7.0.2.jar:7.0.2]
	at org.springframework.web.filter.CorsFilter.doFilterInternal(CorsFilter.java:91) ~[spring-web-7.0.2.jar:7.0.2]
	at org.springframework.web.filter.OncePerRequestFilter.doFilter(OncePerRequestFilter.java:116) ~[spring-web-7.0.2.jar:7.0.2]
	at org.springframework.security.web.FilterChainProxy$VirtualFilterChain.doFilter(FilterChainProxy.java:380) ~[spring-security-web-7.0.2.jar:7.0.2]
	at org.springframework.security.web.header.HeaderWriterFilter.doHeadersAfter(HeaderWriterFilter.java:90) ~[spring-security-web-7.0.2.jar:7.0.2]
	at org.springframework.security.web.header.HeaderWriterFilter.doFilterInternal(HeaderWriterFilter.java:75) ~[spring-security-web-7.0.2.jar:7.0.2]
	at org.springframework.web.filter.OncePerRequestFilter.doFilter(OncePerRequestFilter.java:116) ~[spring-web-7.0.2.jar:7.0.2]
	at org.springframework.security.web.FilterChainProxy$VirtualFilterChain.doFilter(FilterChainProxy.java:380) ~[spring-security-web-7.0.2.jar:7.0.2]
	at org.springframework.security.web.context.SecurityContextHolderFilter.doFilter(SecurityContextHolderFilter.java:82) ~[spring-security-web-7.0.2.jar:7.0.2]
	at org.springframework.security.web.context.SecurityContextHolderFilter.doFilter(SecurityContextHolderFilter.java:69) ~[spring-security-web-7.0.2.jar:7.0.2]
	at org.springframework.security.web.FilterChainProxy$VirtualFilterChain.doFilter(FilterChainProxy.java:380) ~[spring-security-web-7.0.2.jar:7.0.2]
	at org.springframework.security.web.context.request.async.WebAsyncManagerIntegrationFilter.doFilterInternal(WebAsyncManagerIntegrationFilter.java:62) ~[spring-security-web-7.0.2.jar:7.0.2]
	at org.springframework.web.filter.OncePerRequestFilter.doFilter(OncePerRequestFilter.java:116) ~[spring-web-7.0.2.jar:7.0.2]
	at org.springframework.security.web.FilterChainProxy$VirtualFilterChain.doFilter(FilterChainProxy.java:380) ~[spring-security-web-7.0.2.jar:7.0.2]
	at org.springframework.security.web.session.DisableEncodeUrlFilter.doFilterInternal(DisableEncodeUrlFilter.java:42) ~[spring-security-web-7.0.2.jar:7.0.2]
	at org.springframework.web.filter.OncePerRequestFilter.doFilter(OncePerRequestFilter.java:116) ~[spring-web-7.0.2.jar:7.0.2]
	at org.springframework.security.web.FilterChainProxy$VirtualFilterChain.doFilter(FilterChainProxy.java:380) ~[spring-security-web-7.0.2.jar:7.0.2]
	at org.springframework.security.web.FilterChainProxy.doFilterInternal(FilterChainProxy.java:237) ~[spring-security-web-7.0.2.jar:7.0.2]
	at org.springframework.security.web.FilterChainProxy.doFilter(FilterChainProxy.java:195) ~[spring-security-web-7.0.2.jar:7.0.2]
	at org.springframework.web.filter.CompositeFilter$VirtualFilterChain.doFilter(CompositeFilter.java:113) ~[spring-web-7.0.2.jar:7.0.2]
	at org.springframework.web.filter.ServletRequestPathFilter.doFilter(ServletRequestPathFilter.java:52) ~[spring-web-7.0.2.jar:7.0.2]
	at org.springframework.web.filter.CompositeFilter$VirtualFilterChain.doFilter(CompositeFilter.java:113) ~[spring-web-7.0.2.jar:7.0.2]
	at org.springframework.web.filter.CompositeFilter.doFilter(CompositeFilter.java:74) ~[spring-web-7.0.2.jar:7.0.2]
	at org.springframework.security.config.annotation.web.configuration.WebSecurityConfiguration$CompositeFilterChainProxy.doFilter(WebSecurityConfiguration.java:317) ~[spring-security-config-7.0.2.jar:7.0.2]
	at org.springframework.web.filter.DelegatingFilterProxy.invokeDelegate(DelegatingFilterProxy.java:355) ~[spring-web-7.0.2.jar:7.0.2]
	at org.springframework.web.filter.DelegatingFilterProxy.doFilter(DelegatingFilterProxy.java:272) ~[spring-web-7.0.2.jar:7.0.2]
	at org.apache.catalina.core.ApplicationFilterChain.doFilter(ApplicationFilterChain.java:107) ~[tomcat-embed-core-11.0.15.jar:11.0.15]
	at org.springframework.web.filter.RequestContextFilter.doFilterInternal(RequestContextFilter.java:100) ~[spring-web-7.0.2.jar:7.0.2]
	at org.springframework.web.filter.OncePerRequestFilter.doFilter(OncePerRequestFilter.java:116) ~[spring-web-7.0.2.jar:7.0.2]
	at org.apache.catalina.core.ApplicationFilterChain.doFilter(ApplicationFilterChain.java:107) ~[tomcat-embed-core-11.0.15.jar:11.0.15]
	at org.springframework.web.filter.FormContentFilter.doFilterInternal(FormContentFilter.java:93) ~[spring-web-7.0.2.jar:7.0.2]
	at org.springframework.web.filter.OncePerRequestFilter.doFilter(OncePerRequestFilter.java:116) ~[spring-web-7.0.2.jar:7.0.2]
	at org.apache.catalina.core.ApplicationFilterChain.doFilter(ApplicationFilterChain.java:107) ~[tomcat-embed-core-11.0.15.jar:11.0.15]
	at org.springframework.web.filter.CharacterEncodingFilter.doFilterInternal(CharacterEncodingFilter.java:199) ~[spring-web-7.0.2.jar:7.0.2]
	at org.springframework.web.filter.OncePerRequestFilter.doFilter(OncePerRequestFilter.java:116) ~[spring-web-7.0.2.jar:7.0.2]
	at org.apache.catalina.core.ApplicationFilterChain.doFilter(ApplicationFilterChain.java:107) ~[tomcat-embed-core-11.0.15.jar:11.0.15]
	at org.apache.catalina.core.StandardWrapperValve.invoke(StandardWrapperValve.java:165) ~[tomcat-embed-core-11.0.15.jar:11.0.15]
	at org.apache.catalina.core.StandardContextValve.invoke(StandardContextValve.java:77) ~[tomcat-embed-core-11.0.15.jar:11.0.15]
	at org.apache.catalina.authenticator.AuthenticatorBase.invoke(AuthenticatorBase.java:482) ~[tomcat-embed-core-11.0.15.jar:11.0.15]
	at org.apache.catalina.core.StandardHostValve.invoke(StandardHostValve.java:113) ~[tomcat-embed-core-11.0.15.jar:11.0.15]
	at org.apache.catalina.valves.ErrorReportValve.invoke(ErrorReportValve.java:83) ~[tomcat-embed-core-11.0.15.jar:11.0.15]
	at org.apache.catalina.core.StandardEngineValve.invoke(StandardEngineValve.java:72) ~[tomcat-embed-core-11.0.15.jar:11.0.15]
	at org.apache.catalina.connector.CoyoteAdapter.service(CoyoteAdapter.java:341) ~[tomcat-embed-core-11.0.15.jar:11.0.15]
	at org.apache.coyote.http11.Http11Processor.service(Http11Processor.java:397) ~[tomcat-embed-core-11.0.15.jar:11.0.15]
	at org.apache.coyote.AbstractProcessorLight.process(AbstractProcessorLight.java:63) ~[tomcat-embed-core-11.0.15.jar:11.0.15]
	at org.apache.coyote.AbstractProtocol$ConnectionHandler.process(AbstractProtocol.java:903) ~[tomcat-embed-core-11.0.15.jar:11.0.15]
	at org.apache.tomcat.util.net.NioEndpoint$SocketProcessor.doRun(NioEndpoint.java:1778) ~[tomcat-embed-core-11.0.15.jar:11.0.15]
	at org.apache.tomcat.util.net.SocketProcessorBase.run(SocketProcessorBase.java:52) ~[tomcat-embed-core-11.0.15.jar:11.0.15]
	at org.apache.tomcat.util.threads.ThreadPoolExecutor.runWorker(ThreadPoolExecutor.java:946) ~[tomcat-embed-core-11.0.15.jar:11.0.15]
	at org.apache.tomcat.util.threads.ThreadPoolExecutor$Worker.run(ThreadPoolExecutor.java:480) ~[tomcat-embed-core-11.0.15.jar:11.0.15]
	at org.apache.tomcat.util.threads.TaskThread$WrappingRunnable.run(TaskThread.java:57) ~[tomcat-embed-core-11.0.15.jar:11.0.15]
	at java.base/java.lang.Thread.run(Thread.java:1474) ~[na:na]

2026-02-01 07:34:14.276  INFO 45158 --- [multi-tenant-saas-starter-template] [http-nio-8080-exec-4] c.n.m.m.a.services.impl.AuthServiceImpl  : Successful login for user ID: 4005ed7d-28cc-4ba5-9f62-9840637aa17b in tenant: tenant1
2026-02-01 07:34:31.197  WARN 45158 --- [multi-tenant-saas-starter-template] [http-nio-8080-exec-3] c.n.m.i.e.GlobalExceptionHandler         : Access denied: Access Denied
2026-02-01 07:37:05.402  WARN 45158 --- [multi-tenant-saas-starter-template] [http-nio-8080-exec-4] c.n.m.i.e.GlobalExceptionHandler         : Authentication failed: Invalid email
2026-02-01 07:38:27.275  WARN 45158 --- [multi-tenant-saas-starter-template] [http-nio-8080-exec-1] c.n.m.m.s.JwtAuthenticationFilter        : JWT authentication attempted without tenant context
2026-02-01 07:38:27.288  WARN 45158 --- [multi-tenant-saas-starter-template] [http-nio-8080-exec-2] c.n.m.m.s.JwtAuthenticationFilter        : JWT authentication attempted without tenant context
2026-02-01 07:38:27.300  WARN 45158 --- [multi-tenant-saas-starter-template] [http-nio-8080-exec-10] c.n.m.m.s.JwtAuthenticationFilter        : JWT authentication attempted without tenant context
2026-02-01 07:39:19.423  INFO 45158 --- [multi-tenant-saas-starter-template] [http-nio-8080-exec-2] c.n.m.m.a.services.impl.AuthServiceImpl  : Successful login for user ID: 4005ed7d-28cc-4ba5-9f62-9840637aa17b in tenant: tenant1
2026-02-01 07:39:31.266  WARN 45158 --- [multi-tenant-saas-starter-template] [http-nio-8080-exec-7] c.n.m.i.e.GlobalExceptionHandler         : Access denied: Access Denied
2026-02-01 07:40:14.499  WARN 45158 --- [multi-tenant-saas-starter-template] [http-nio-8080-exec-8] c.n.m.i.e.GlobalExceptionHandler         : Access denied: Access Denied
2026-02-01 07:41:46.290 ERROR 45158 --- [multi-tenant-saas-starter-template] [http-nio-8080-exec-2] c.n.m.i.e.GlobalExceptionHandler         : Unhandled exception: 

org.springframework.web.servlet.resource.NoResourceFoundException: No static resource actuator/health for request '/actuator/health'.
	at org.springframework.web.servlet.resource.ResourceHttpRequestHandler.handleRequest(ResourceHttpRequestHandler.java:527) ~[spring-webmvc-7.0.2.jar:7.0.2]
	at org.springframework.web.servlet.mvc.HttpRequestHandlerAdapter.handle(HttpRequestHandlerAdapter.java:50) ~[spring-webmvc-7.0.2.jar:7.0.2]
	at org.springframework.web.servlet.DispatcherServlet.doDispatch(DispatcherServlet.java:963) ~[spring-webmvc-7.0.2.jar:7.0.2]
	at org.springframework.web.servlet.DispatcherServlet.doService(DispatcherServlet.java:866) ~[spring-webmvc-7.0.2.jar:7.0.2]
	at org.springframework.web.servlet.FrameworkServlet.processRequest(FrameworkServlet.java:1003) ~[spring-webmvc-7.0.2.jar:7.0.2]
	at org.springframework.web.servlet.FrameworkServlet.doGet(FrameworkServlet.java:892) ~[spring-webmvc-7.0.2.jar:7.0.2]
	at jakarta.servlet.http.HttpServlet.service(HttpServlet.java:622) ~[tomcat-embed-core-11.0.15.jar:6.1]
	at org.springframework.web.servlet.FrameworkServlet.service(FrameworkServlet.java:874) ~[spring-webmvc-7.0.2.jar:7.0.2]
	at jakarta.servlet.http.HttpServlet.service(HttpServlet.java:710) ~[tomcat-embed-core-11.0.15.jar:6.1]
	at org.apache.catalina.core.ApplicationFilterChain.doFilter(ApplicationFilterChain.java:128) ~[tomcat-embed-core-11.0.15.jar:11.0.15]
	at org.apache.tomcat.websocket.server.WsFilter.doFilter(WsFilter.java:53) ~[tomcat-embed-websocket-11.0.15.jar:11.0.15]
	at org.apache.catalina.core.ApplicationFilterChain.doFilter(ApplicationFilterChain.java:107) ~[tomcat-embed-core-11.0.15.jar:11.0.15]
	at org.springframework.web.filter.OncePerRequestFilter.doFilter(OncePerRequestFilter.java:101) ~[spring-web-7.0.2.jar:7.0.2]
	at org.apache.catalina.core.ApplicationFilterChain.doFilter(ApplicationFilterChain.java:107) ~[tomcat-embed-core-11.0.15.jar:11.0.15]
	at org.springframework.web.filter.OncePerRequestFilter.doFilter(OncePerRequestFilter.java:110) ~[spring-web-7.0.2.jar:7.0.2]
	at org.apache.catalina.core.ApplicationFilterChain.doFilter(ApplicationFilterChain.java:107) ~[tomcat-embed-core-11.0.15.jar:11.0.15]
	at org.springframework.web.filter.OncePerRequestFilter.doFilter(OncePerRequestFilter.java:101) ~[spring-web-7.0.2.jar:7.0.2]
	at org.apache.catalina.core.ApplicationFilterChain.doFilter(ApplicationFilterChain.java:107) ~[tomcat-embed-core-11.0.15.jar:11.0.15]
	at org.springframework.web.filter.OncePerRequestFilter.doFilter(OncePerRequestFilter.java:101) ~[spring-web-7.0.2.jar:7.0.2]
	at org.apache.catalina.core.ApplicationFilterChain.doFilter(ApplicationFilterChain.java:107) ~[tomcat-embed-core-11.0.15.jar:11.0.15]
	at org.springframework.web.filter.CompositeFilter$VirtualFilterChain.doFilter(CompositeFilter.java:108) ~[spring-web-7.0.2.jar:7.0.2]
	at org.springframework.security.web.FilterChainProxy.lambda$doFilterInternal$3(FilterChainProxy.java:235) ~[spring-security-web-7.0.2.jar:7.0.2]
	at org.springframework.security.web.FilterChainProxy$VirtualFilterChain.doFilter(FilterChainProxy.java:371) ~[spring-security-web-7.0.2.jar:7.0.2]
	at org.springframework.security.web.access.intercept.AuthorizationFilter.doFilter(AuthorizationFilter.java:101) ~[spring-security-web-7.0.2.jar:7.0.2]
	at org.springframework.security.web.FilterChainProxy$VirtualFilterChain.doFilter(FilterChainProxy.java:380) ~[spring-security-web-7.0.2.jar:7.0.2]
	at org.springframework.security.web.access.ExceptionTranslationFilter.doFilter(ExceptionTranslationFilter.java:126) ~[spring-security-web-7.0.2.jar:7.0.2]
	at org.springframework.security.web.access.ExceptionTranslationFilter.doFilter(ExceptionTranslationFilter.java:120) ~[spring-security-web-7.0.2.jar:7.0.2]
	at org.springframework.security.web.FilterChainProxy$VirtualFilterChain.doFilter(FilterChainProxy.java:380) ~[spring-security-web-7.0.2.jar:7.0.2]
	at org.springframework.security.web.session.SessionManagementFilter.doFilter(SessionManagementFilter.java:132) ~[spring-security-web-7.0.2.jar:7.0.2]
	at org.springframework.security.web.session.SessionManagementFilter.doFilter(SessionManagementFilter.java:86) ~[spring-security-web-7.0.2.jar:7.0.2]
	at org.springframework.security.web.FilterChainProxy$VirtualFilterChain.doFilter(FilterChainProxy.java:380) ~[spring-security-web-7.0.2.jar:7.0.2]
	at org.springframework.security.web.authentication.AnonymousAuthenticationFilter.doFilter(AnonymousAuthenticationFilter.java:100) ~[spring-security-web-7.0.2.jar:7.0.2]
	at org.springframework.security.web.FilterChainProxy$VirtualFilterChain.doFilter(FilterChainProxy.java:380) ~[spring-security-web-7.0.2.jar:7.0.2]
	at org.springframework.security.web.servletapi.SecurityContextHolderAwareRequestFilter.doFilter(SecurityContextHolderAwareRequestFilter.java:181) ~[spring-security-web-7.0.2.jar:7.0.2]
	at org.springframework.security.web.FilterChainProxy$VirtualFilterChain.doFilter(FilterChainProxy.java:380) ~[spring-security-web-7.0.2.jar:7.0.2]
	at org.springframework.security.web.savedrequest.RequestCacheAwareFilter.doFilter(RequestCacheAwareFilter.java:63) ~[spring-security-web-7.0.2.jar:7.0.2]
	at org.springframework.security.web.FilterChainProxy$VirtualFilterChain.doFilter(FilterChainProxy.java:380) ~[spring-security-web-7.0.2.jar:7.0.2]
	at cloud.norgha.multi_tenant_saas_starter_template.multitenancy.security.JwtAuthenticationFilter.doFilterInternal(JwtAuthenticationFilter.java:47) ~[classes/:na]
	at org.springframework.web.filter.OncePerRequestFilter.doFilter(OncePerRequestFilter.java:116) ~[spring-web-7.0.2.jar:7.0.2]
	at org.springframework.security.web.FilterChainProxy$VirtualFilterChain.doFilter(FilterChainProxy.java:380) ~[spring-security-web-7.0.2.jar:7.0.2]
	at org.springframework.web.filter.OncePerRequestFilter.doFilter(OncePerRequestFilter.java:101) ~[spring-web-7.0.2.jar:7.0.2]
	at org.springframework.security.web.FilterChainProxy$VirtualFilterChain.doFilter(FilterChainProxy.java:380) ~[spring-security-web-7.0.2.jar:7.0.2]
	at org.springframework.web.filter.OncePerRequestFilter.doFilter(OncePerRequestFilter.java:101) ~[spring-web-7.0.2.jar:7.0.2]
	at org.springframework.security.web.FilterChainProxy$VirtualFilterChain.doFilter(FilterChainProxy.java:380) ~[spring-security-web-7.0.2.jar:7.0.2]
	at org.springframework.web.filter.OncePerRequestFilter.doFilter(OncePerRequestFilter.java:101) ~[spring-web-7.0.2.jar:7.0.2]
	at org.springframework.security.web.FilterChainProxy$VirtualFilterChain.doFilter(FilterChainProxy.java:380) ~[spring-security-web-7.0.2.jar:7.0.2]
	at org.springframework.security.web.authentication.logout.LogoutFilter.doFilter(LogoutFilter.java:110) ~[spring-security-web-7.0.2.jar:7.0.2]
	at org.springframework.security.web.authentication.logout.LogoutFilter.doFilter(LogoutFilter.java:96) ~[spring-security-web-7.0.2.jar:7.0.2]
	at org.springframework.security.web.FilterChainProxy$VirtualFilterChain.doFilter(FilterChainProxy.java:380) ~[spring-security-web-7.0.2.jar:7.0.2]
	at org.springframework.web.filter.CorsFilter.doFilterInternal(CorsFilter.java:91) ~[spring-web-7.0.2.jar:7.0.2]
	at org.springframework.web.filter.OncePerRequestFilter.doFilter(OncePerRequestFilter.java:116) ~[spring-web-7.0.2.jar:7.0.2]
	at org.springframework.security.web.FilterChainProxy$VirtualFilterChain.doFilter(FilterChainProxy.java:380) ~[spring-security-web-7.0.2.jar:7.0.2]
	at org.springframework.security.web.header.HeaderWriterFilter.doHeadersAfter(HeaderWriterFilter.java:90) ~[spring-security-web-7.0.2.jar:7.0.2]
	at org.springframework.security.web.header.HeaderWriterFilter.doFilterInternal(HeaderWriterFilter.java:75) ~[spring-security-web-7.0.2.jar:7.0.2]
	at org.springframework.web.filter.OncePerRequestFilter.doFilter(OncePerRequestFilter.java:116) ~[spring-web-7.0.2.jar:7.0.2]
	at org.springframework.security.web.FilterChainProxy$VirtualFilterChain.doFilter(FilterChainProxy.java:380) ~[spring-security-web-7.0.2.jar:7.0.2]
	at org.springframework.security.web.context.SecurityContextHolderFilter.doFilter(SecurityContextHolderFilter.java:82) ~[spring-security-web-7.0.2.jar:7.0.2]
	at org.springframework.security.web.context.SecurityContextHolderFilter.doFilter(SecurityContextHolderFilter.java:69) ~[spring-security-web-7.0.2.jar:7.0.2]
	at org.springframework.security.web.FilterChainProxy$VirtualFilterChain.doFilter(FilterChainProxy.java:380) ~[spring-security-web-7.0.2.jar:7.0.2]
	at org.springframework.security.web.context.request.async.WebAsyncManagerIntegrationFilter.doFilterInternal(WebAsyncManagerIntegrationFilter.java:62) ~[spring-security-web-7.0.2.jar:7.0.2]
	at org.springframework.web.filter.OncePerRequestFilter.doFilter(OncePerRequestFilter.java:116) ~[spring-web-7.0.2.jar:7.0.2]
	at org.springframework.security.web.FilterChainProxy$VirtualFilterChain.doFilter(FilterChainProxy.java:380) ~[spring-security-web-7.0.2.jar:7.0.2]
	at org.springframework.security.web.session.DisableEncodeUrlFilter.doFilterInternal(DisableEncodeUrlFilter.java:42) ~[spring-security-web-7.0.2.jar:7.0.2]
	at org.springframework.web.filter.OncePerRequestFilter.doFilter(OncePerRequestFilter.java:116) ~[spring-web-7.0.2.jar:7.0.2]
	at org.springframework.security.web.FilterChainProxy$VirtualFilterChain.doFilter(FilterChainProxy.java:380) ~[spring-security-web-7.0.2.jar:7.0.2]
	at org.springframework.security.web.FilterChainProxy.doFilterInternal(FilterChainProxy.java:237) ~[spring-security-web-7.0.2.jar:7.0.2]
	at org.springframework.security.web.FilterChainProxy.doFilter(FilterChainProxy.java:195) ~[spring-security-web-7.0.2.jar:7.0.2]
	at org.springframework.web.filter.CompositeFilter$VirtualFilterChain.doFilter(CompositeFilter.java:113) ~[spring-web-7.0.2.jar:7.0.2]
	at org.springframework.web.filter.ServletRequestPathFilter.doFilter(ServletRequestPathFilter.java:52) ~[spring-web-7.0.2.jar:7.0.2]
	at org.springframework.web.filter.CompositeFilter$VirtualFilterChain.doFilter(CompositeFilter.java:113) ~[spring-web-7.0.2.jar:7.0.2]
	at org.springframework.web.filter.CompositeFilter.doFilter(CompositeFilter.java:74) ~[spring-web-7.0.2.jar:7.0.2]
	at org.springframework.security.config.annotation.web.configuration.WebSecurityConfiguration$CompositeFilterChainProxy.doFilter(WebSecurityConfiguration.java:317) ~[spring-security-config-7.0.2.jar:7.0.2]
	at org.springframework.web.filter.DelegatingFilterProxy.invokeDelegate(DelegatingFilterProxy.java:355) ~[spring-web-7.0.2.jar:7.0.2]
	at org.springframework.web.filter.DelegatingFilterProxy.doFilter(DelegatingFilterProxy.java:272) ~[spring-web-7.0.2.jar:7.0.2]
	at org.apache.catalina.core.ApplicationFilterChain.doFilter(ApplicationFilterChain.java:107) ~[tomcat-embed-core-11.0.15.jar:11.0.15]
	at org.springframework.web.filter.RequestContextFilter.doFilterInternal(RequestContextFilter.java:100) ~[spring-web-7.0.2.jar:7.0.2]
	at org.springframework.web.filter.OncePerRequestFilter.doFilter(OncePerRequestFilter.java:116) ~[spring-web-7.0.2.jar:7.0.2]
	at org.apache.catalina.core.ApplicationFilterChain.doFilter(ApplicationFilterChain.java:107) ~[tomcat-embed-core-11.0.15.jar:11.0.15]
	at org.springframework.web.filter.FormContentFilter.doFilterInternal(FormContentFilter.java:93) ~[spring-web-7.0.2.jar:7.0.2]
	at org.springframework.web.filter.OncePerRequestFilter.doFilter(OncePerRequestFilter.java:116) ~[spring-web-7.0.2.jar:7.0.2]
	at org.apache.catalina.core.ApplicationFilterChain.doFilter(ApplicationFilterChain.java:107) ~[tomcat-embed-core-11.0.15.jar:11.0.15]
	at org.springframework.web.filter.CharacterEncodingFilter.doFilterInternal(CharacterEncodingFilter.java:199) ~[spring-web-7.0.2.jar:7.0.2]
	at org.springframework.web.filter.OncePerRequestFilter.doFilter(OncePerRequestFilter.java:116) ~[spring-web-7.0.2.jar:7.0.2]
	at org.apache.catalina.core.ApplicationFilterChain.doFilter(ApplicationFilterChain.java:107) ~[tomcat-embed-core-11.0.15.jar:11.0.15]
	at org.apache.catalina.core.StandardWrapperValve.invoke(StandardWrapperValve.java:165) ~[tomcat-embed-core-11.0.15.jar:11.0.15]
	at org.apache.catalina.core.StandardContextValve.invoke(StandardContextValve.java:77) ~[tomcat-embed-core-11.0.15.jar:11.0.15]
	at org.apache.catalina.authenticator.AuthenticatorBase.invoke(AuthenticatorBase.java:482) ~[tomcat-embed-core-11.0.15.jar:11.0.15]
	at org.apache.catalina.core.StandardHostValve.invoke(StandardHostValve.java:113) ~[tomcat-embed-core-11.0.15.jar:11.0.15]
	at org.apache.catalina.valves.ErrorReportValve.invoke(ErrorReportValve.java:83) ~[tomcat-embed-core-11.0.15.jar:11.0.15]
	at org.apache.catalina.core.StandardEngineValve.invoke(StandardEngineValve.java:72) ~[tomcat-embed-core-11.0.15.jar:11.0.15]
	at org.apache.catalina.connector.CoyoteAdapter.service(CoyoteAdapter.java:341) ~[tomcat-embed-core-11.0.15.jar:11.0.15]
	at org.apache.coyote.http11.Http11Processor.service(Http11Processor.java:397) ~[tomcat-embed-core-11.0.15.jar:11.0.15]
	at org.apache.coyote.AbstractProcessorLight.process(AbstractProcessorLight.java:63) ~[tomcat-embed-core-11.0.15.jar:11.0.15]
	at org.apache.coyote.AbstractProtocol$ConnectionHandler.process(AbstractProtocol.java:903) ~[tomcat-embed-core-11.0.15.jar:11.0.15]
	at org.apache.tomcat.util.net.NioEndpoint$SocketProcessor.doRun(NioEndpoint.java:1778) ~[tomcat-embed-core-11.0.15.jar:11.0.15]
	at org.apache.tomcat.util.net.SocketProcessorBase.run(SocketProcessorBase.java:52) ~[tomcat-embed-core-11.0.15.jar:11.0.15]
	at org.apache.tomcat.util.threads.ThreadPoolExecutor.runWorker(ThreadPoolExecutor.java:946) ~[tomcat-embed-core-11.0.15.jar:11.0.15]
	at org.apache.tomcat.util.threads.ThreadPoolExecutor$Worker.run(ThreadPoolExecutor.java:480) ~[tomcat-embed-core-11.0.15.jar:11.0.15]
	at org.apache.tomcat.util.threads.TaskThread$WrappingRunnable.run(TaskThread.java:57) ~[tomcat-embed-core-11.0.15.jar:11.0.15]
	at java.base/java.lang.Thread.run(Thread.java:1474) ~[na:na]

2026-02-01 07:41:46.323  WARN 45158 --- [multi-tenant-saas-starter-template] [http-nio-8080-exec-10] c.n.m.i.e.GlobalExceptionHandler         : Access denied: Access Denied
2026-02-01 07:52:31.806  WARN 45158 --- [multi-tenant-saas-starter-template] [http-nio-8080-exec-9] c.n.m.i.e.GlobalExceptionHandler         : Authentication failed: Invalid email or password
2026-02-01 07:53:22.896  INFO 45158 --- [multi-tenant-saas-starter-template] [http-nio-8080-exec-8] c.n.m.m.a.services.impl.AuthServiceImpl  : Successful login for user ID: e47f47d1-3f2f-4bdf-ab42-9f7ec9600bf1 in tenant: tenant1
2026-02-01 07:53:49.278  WARN 45158 --- [multi-tenant-saas-starter-template] [http-nio-8080-exec-5] c.n.m.i.e.GlobalExceptionHandler         : Validation failed: Password must be at least 8 characters
